PercentTradesWBalance,ExternalRiskEstimate,MSinceOldestTradeOpen,MSinceMostRecentTradeOpen,AverageMInFile,NumSatisfactoryTrades,NumTrades60Ever2DerogPubRec,NumTrades90Ever2DerogPubRec,PercentTradesNeverDelq,MSinceMostRecentDelq,MaxDelq2PublicRecLast12M,MaxDelqEver,NumTotalTrades,NumTradesOpeninLast12M,PercentInstallTrades,MSinceMostRecentInqexcl7days,NumInqLast6M,NumInqLast6Mexcl7days,NetFractionRevolvingBurden,NetFractionInstallBurden,NumRevolvingTradesWBalance,NumInstallTradesWBalance,NumBank2NatlTradesWHighUtilization,PoorRiskPerformance
33,89,315,13,90,13,0,0,100,-7,7,8,13,0,15,0,0,0,6,85,1,1,0,0
91,62,80,2,47,24,0,0,96,59,6,6,25,1,48,0,0,0,73,113,5,5,2,1
65,72,184,2,66,30,0,0,100,-7,7,8,32,5,34,1,3,1,48,85,7,4,1,0
56,72,365,1,46,21,0,0,95,53,6,6,40,3,9,11,0,0,20,-8,7,1,1,1
71,85,169,7,62,12,0,0,100,-7,7,8,12,2,33,0,0,0,8,-8,3,2,0,0
80,84,138,3,69,13,0,0,100,-7,7,8,13,2,31,-8,0,0,26,-8,3,1,0,0
48,75,360,4,68,42,0,0,100,-7,7,8,22,3,14,0,1,1,11,79,10,2,0,0
56,82,257,4,86,19,0,0,100,-7,7,8,19,1,5,0,2,2,20,92,3,1,0,1
71,89,209,1,96,22,0,0,100,-7,7,8,26,3,38,5,1,1,18,59,2,3,0,0
67,87,-8,24,108,29,0,0,100,-7,7,8,0,0,41,4,5,5,5,63,3,3,0,0
100,65,199,17,83,9,5,5,100,-7,6,8,9,0,56,22,0,0,88,77,3,2,1,1
38,75,124,11,60,11,1,1,85,24,6,3,13,1,15,0,6,6,0,-8,1,1,0,0
86,58,221,5,60,8,0,0,67,3,4,6,42,1,22,-7,2,2,63,93,5,1,2,1
67,69,33,2,15,13,0,0,100,-7,7,8,14,8,21,1,5,5,24,76,5,3,0,0
-9,-9,-9,-9,-9,-9,-9,-9,-9,-9,-9,-9,-9,-9,-9,-9,-9,-9,-9,-9,-9,-9,-9,1
-9,-9,-9,-9,-9,-9,-9,-9,-9,-9,-9,-9,-9,-9,-9,-9,-9,-9,-9,-9,-9,-9,-9,1
50,88,466,17,160,8,0,0,100,-7,7,8,8,0,13,-7,0,0,8,-8,1,1,0,0
80,63,437,6,154,10,3,1,77,8,2,4,27,1,38,5,0,0,36,31,5,3,0,1
86,58,230,4,70,14,2,2,82,4,4,2,17,1,47,1,2,2,44,83,4,2,1,1
50,85,143,1,71,12,0,0,100,-7,7,8,13,3,23,1,1,1,12,100,2,2,0,1
91,58,150,16,72,18,2,0,55,4,4,5,22,0,45,0,1,1,79,38,7,3,0,1
67,60,125,8,34,26,0,0,96,10,4,6,26,2,15,0,3,3,56,70,4,1,1,1
75,73,140,7,47,12,0,0,92,46,6,6,12,2,33,5,1,1,49,74,2,3,1,1
45,69,180,9,101,30,1,1,100,-7,6,7,9,2,29,16,0,0,25,-8,3,2,1,1
57,70,105,5,38,12,1,1,100,-7,7,8,13,1,17,0,1,1,21,-8,3,1,0,1
82,63,282,4,71,29,2,2,88,1,4,2,32,4,69,0,1,1,4,81,5,4,0,1
33,88,304,3,96,29,0,0,100,-7,7,8,31,2,37,-8,0,0,18,-8,2,1,0,0
92,70,116,2,65,26,0,0,96,37,6,6,27,4,52,0,2,2,44,70,7,4,0,1
91,56,407,10,118,19,1,0,75,2,3,5,20,1,20,-7,0,0,55,-8,8,1,5,1
82,78,263,23,102,19,0,0,95,31,6,6,19,0,42,14,0,0,17,29,6,3,0,0
92,56,144,3,55,34,0,0,100,-7,7,8,36,2,53,5,0,0,92,84,9,3,5,1
-9,-9,-9,-9,-9,-9,-9,-9,-9,-9,-9,-9,-9,-9,-9,-9,-9,-9,-9,-9,-9,-9,-9,1
69,56,120,5,54,31,1,1,97,7,4,6,36,2,54,-7,1,1,65,67,7,4,2,1
57,89,490,6,99,18,0,0,100,-7,7,8,18,2,39,-7,0,0,2,52,2,2,0,0
75,75,90,4,40,20,0,0,95,79,6,6,20,5,15,0,0,0,26,96,10,2,0,0
100,66,278,8,66,6,2,0,75,45,6,5,8,2,75,0,4,4,47,86,1,2,0,1
63,76,97,9,44,14,0,0,100,-7,7,8,14,2,21,0,1,1,32,43,3,2,0,0
82,67,134,13,61,17,0,0,94,20,6,6,17,0,35,0,1,1,22,70,4,5,2,1
73,62,104,1,53,28,0,0,93,2,4,6,30,5,60,0,6,6,10,77,4,4,2,1
83,64,217,39,104,15,0,0,88,10,4,6,16,0,50,1,2,2,56,10,3,2,2,0
73,72,365,11,83,22,0,0,100,-7,7,8,22,1,41,0,0,0,49,23,6,2,1,1
67,84,165,36,88,12,0,0,100,-7,7,8,12,0,50,-8,0,0,18,-8,1,1,0,0
47,73,339,7,142,34,0,0,83,11,4,6,36,3,36,0,6,4,7,-8,3,5,0,1
90,68,346,2,94,26,0,0,96,15,6,6,28,2,57,2,3,3,85,68,3,5,2,0
40,86,403,3,131,18,0,0,100,-7,7,8,21,2,24,0,4,4,2,-8,4,-8,0,0
80,54,225,0,79,44,3,2,75,3,3,2,63,6,25,1,5,5,18,77,10,4,0,1
89,65,29,9,18,10,0,0,100,-7,7,8,10,3,40,0,5,5,38,68,5,3,0,0
67,74,202,9,89,27,0,0,100,-7,7,8,34,1,15,-7,0,0,51,-8,6,1,3,1
60,86,287,15,117,23,0,0,100,-7,7,8,23,0,30,11,0,0,3,54,3,3,0,0
44,80,410,19,136,23,0,0,100,-7,7,8,23,0,13,0,1,1,23,75,5,2,0,0
57,73,211,5,71,38,0,0,98,42,6,6,43,5,49,0,1,1,33,100,4,4,0,1
83,72,111,6,79,9,2,2,92,23,5,2,24,1,67,-7,0,0,39,-8,4,-8,2,1
100,62,206,4,64,18,0,0,78,34,6,6,18,3,67,0,4,4,73,57,4,1,1,1
44,77,271,4,81,22,0,0,95,53,6,6,22,2,18,0,1,1,22,92,6,2,0,0
46,72,174,2,69,30,1,1,97,17,5,2,33,1,9,0,0,0,9,84,5,1,0,1
47,74,279,3,90,31,1,1,97,12,6,4,33,3,18,0,2,2,5,95,4,3,0,1
36,85,320,9,81,27,0,0,100,-7,7,8,32,2,47,8,0,0,4,-8,1,3,0,0
86,61,256,19,68,14,0,0,87,0,4,6,15,0,33,0,2,1,62,68,3,3,1,1
100,59,330,62,161,5,1,0,63,6,4,5,8,0,50,-7,1,1,87,-8,2,1,2,1
78,58,74,9,28,14,0,0,93,6,4,6,15,1,67,-7,3,3,88,44,2,5,2,1
-9,-9,-9,-9,-9,-9,-9,-9,-9,-9,-9,-9,-9,-9,-9,-9,-9,-9,-9,-9,-9,-9,-9,1
50,89,283,13,116,30,0,0,100,-7,7,8,32,0,19,0,1,0,4,33,3,2,0,0
36,84,311,10,85,26,0,0,100,-7,7,8,26,1,31,0,0,0,8,23,3,2,0,0
100,70,291,8,88,14,0,0,100,-7,7,8,8,1,29,-7,0,0,100,67,5,2,4,1
50,86,275,13,87,18,0,0,100,-7,7,8,18,0,33,0,0,0,8,-8,4,-8,0,0
71,79,120,1,51,28,0,0,97,-8,6,6,29,3,45,-7,5,5,27,96,2,3,0,0
60,82,181,10,92,10,0,0,90,71,6,6,10,2,30,3,1,1,5,-8,2,1,0,1
20,89,186,18,86,10,0,0,100,-7,7,8,10,0,20,0,1,1,0,-8,1,-8,0,0
100,58,80,27,62,11,2,1,83,33,6,5,13,0,50,0,1,1,82,42,3,3,2,1
38,56,182,7,105,16,4,4,65,4,0,2,20,3,25,0,1,1,43,-8,3,-8,1,0
100,63,126,6,41,5,1,0,83,8,3,5,6,1,50,0,1,1,90,86,1,2,-8,1
43,73,164,17,87,20,1,0,91,23,6,5,22,0,50,-7,2,2,35,-8,2,1,0,0
58,57,385,9,81,26,0,0,85,2,4,6,28,1,23,8,0,0,73,84,5,2,2,1
50,80,190,6,65,10,1,1,92,65,6,4,12,2,50,0,0,0,48,-8,1,1,1,1
75,76,151,5,107,18,0,0,100,-7,7,8,1,3,28,-7,1,1,47,92,6,3,0,1
33,82,436,2,116,47,0,0,100,-7,7,8,37,1,13,2,1,1,11,29,6,3,0,1
80,58,78,4,46,18,0,0,95,23,6,6,19,3,16,-7,2,2,87,-8,11,1,5,0
20,90,396,7,121,23,0,0,100,-7,7,8,23,1,22,7,0,0,1,-8,1,1,0,0
100,77,148,27,96,13,0,0,100,-7,7,8,14,0,50,0,2,2,75,-8,1,1,0,0
89,72,178,1,60,29,0,0,100,-7,7,8,48,2,43,-7,3,3,60,85,6,2,2,0
58,64,103,1,52,22,1,1,88,26,6,6,24,3,38,1,5,5,29,77,4,3,2,1
90,61,250,4,66,47,1,1,100,-7,6,8,49,2,39,0,2,2,73,61,14,4,5,1
100,55,164,1,51,3,2,1,67,10,2,4,6,2,17,0,1,1,87,-8,3,1,2,1
92,72,263,15,103,22,0,0,100,-7,7,8,24,0,25,0,0,0,72,-8,9,2,2,1
52,74,319,14,115,41,0,0,90,9,4,6,43,0,24,16,0,0,23,-8,10,1,0,0
42,79,272,19,102,24,0,0,100,-7,7,8,24,0,13,7,0,0,34,-8,4,1,1,0
100,56,127,9,58,30,0,0,90,0,4,6,30,1,80,0,2,2,74,59,3,7,1,1
-9,-9,-9,-9,-9,-9,-9,-9,-9,-9,-9,-9,-9,-9,-9,-9,-9,-9,-9,-9,-9,-9,-9,0
56,84,276,18,80,15,0,0,100,-7,7,8,15,0,33,17,0,0,12,-8,3,2,0,0
50,75,146,14,73,8,0,0,75,5,4,6,57,0,38,22,0,0,0,-8,0,1,-8,1
-9,-9,-9,-9,-9,-9,-9,-9,-9,-9,-9,-9,-9,-9,-9,-9,-9,-9,-9,-9,-9,-9,-9,0
80,69,63,1,32,16,0,0,100,-7,6,7,17,3,41,-7,7,7,45,57,5,3,0,1
43,87,428,6,59,14,0,0,100,-7,7,8,45,4,29,3,1,1,3,-8,3,-8,0,0
40,86,177,1,73,25,0,0,100,-7,7,8,33,2,30,3,1,1,2,-8,3,1,0,0
-9,-9,-9,-9,-9,-9,-9,-9,-9,-9,-9,-9,-9,-9,-9,-9,-9,-9,-9,-9,-9,-9,-9,1
63,69,71,9,38,11,1,1,100,-7,7,8,12,1,55,0,0,0,39,69,2,3,1,1
86,80,233,3,106,28,0,0,97,2,4,6,30,4,37,2,3,3,4,98,4,2,0,0
44,79,111,2,67,40,0,0,100,-7,7,8,5,1,12,-7,1,1,1,85,9,2,0,0
50,86,120,12,68,25,0,0,100,-7,7,8,25,0,40,0,1,1,1,-8,3,1,0,0
91,61,159,4,77,30,0,0,76,20,6,6,33,1,45,-7,2,2,76,63,8,2,3,1
56,64,436,10,94,27,0,0,93,2,4,6,38,1,4,6,0,0,59,-8,9,-8,5,1
100,60,299,6,123,9,2,2,60,30,6,4,9,3,27,0,1,1,65,70,6,2,0,1
78,58,175,6,57,45,1,0,96,8,3,5,47,1,53,0,3,3,69,85,6,12,3,1
83,83,185,12,103,13,0,0,92,77,6,6,13,0,15,-7,0,0,7,-8,4,1,0,0
63,54,134,8,64,14,1,1,76,0,4,4,17,1,24,0,0,0,31,-8,4,1,1,1
67,75,382,40,123,13,0,0,92,24,6,6,13,0,8,-8,0,0,31,-8,4,-8,1,1
50,79,21,1,11,1,0,0,100,-7,7,8,2,1,50,0,0,0,0,-8,0,1,-8,1
75,78,185,2,86,16,0,0,100,-7,7,8,18,2,29,2,6,6,40,-8,3,-8,1,0
74,55,102,5,53,43,0,0,96,17,6,6,56,5,36,1,6,6,61,90,12,5,3,1
50,79,421,3,66,15,0,0,100,-7,7,8,15,1,40,0,0,0,46,63,2,2,2,0
74,70,243,7,80,57,0,0,98,-8,6,6,58,2,43,3,2,2,48,87,10,4,4,1
75,68,195,4,67,22,1,0,87,34,6,5,23,3,52,2,3,3,74,88,3,3,2,1
100,79,-8,7,104,20,0,0,95,27,6,6,20,2,55,-7,0,0,27,49,5,3,0,0
78,74,159,9,69,26,0,0,100,-7,6,7,27,2,48,-7,0,0,61,67,3,4,2,1
89,58,295,5,12,9,0,0,89,2,4,6,18,6,11,-7,0,0,29,-8,7,1,0,1
86,57,-8,6,91,10,1,0,47,2,4,5,16,1,31,-7,0,0,91,29,4,1,2,1
100,63,164,12,51,10,1,0,82,24,6,5,11,0,55,0,0,0,68,84,4,3,2,0
100,59,32,10,23,3,1,1,100,-7,7,8,4,1,67,0,1,1,90,-8,1,1,1,1
100,76,102,24,46,7,0,0,100,-7,7,8,7,0,100,23,0,0,-8,24,-8,3,-8,0
67,73,19,2,9,2,0,0,100,-7,7,8,3,2,33,0,8,7,15,-8,1,1,0,1
80,72,103,8,45,20,0,0,100,-7,7,8,21,2,52,0,1,1,71,90,1,3,1,0
70,80,206,1,68,19,0,0,100,-7,7,8,21,4,52,1,2,2,25,89,4,3,0,1
100,70,145,145,145,2,0,0,50,60,6,6,2,0,100,0,1,1,-8,-8,-8,1,-8,1
86,57,188,16,83,13,1,0,79,3,3,5,14,0,29,16,0,0,98,95,3,3,3,1
52,83,348,2,100,61,0,0,98,24,6,6,67,4,35,1,1,1,6,62,7,4,0,0
45,76,194,19,132,15,1,1,94,30,6,2,16,0,31,0,4,4,0,47,1,2,0,1
86,58,272,6,52,21,1,0,95,55,6,5,22,6,32,1,8,8,76,73,8,3,3,1
-9,-9,-9,-9,-9,-9,-9,-9,-9,-9,-9,-9,-9,-9,-9,-9,-9,-9,-9,-9,-9,-9,-9,0
73,78,225,25,114,31,0,0,100,-7,7,8,33,0,30,-7,1,1,56,21,7,3,2,1
93,73,131,3,84,20,0,0,100,-7,7,8,14,6,60,-7,4,4,48,50,4,8,2,1
-9,-9,-9,-9,-9,-9,-9,-9,-9,-9,-9,-9,-9,-9,-9,-9,-9,-9,-9,-9,-9,-9,-9,0
25,82,268,2,63,40,0,0,100,-7,7,8,36,4,7,6,0,0,6,-8,4,-8,0,0
60,88,140,16,61,13,0,0,100,-7,7,8,13,0,46,2,1,1,1,72,1,2,0,0
55,70,209,3,81,54,0,0,98,60,6,6,56,3,16,8,0,0,22,78,9,3,0,0
86,66,119,1,47,14,0,0,100,-7,7,8,16,6,38,0,3,3,74,100,5,1,2,1
80,67,44,21,96,6,2,1,50,36,6,2,14,0,0,0,2,2,65,-8,4,-8,2,0
86,47,150,15,78,21,4,2,75,2,3,2,28,0,57,0,1,1,77,-8,5,1,2,1
18,87,169,18,83,22,0,0,100,-7,7,8,22,0,14,-7,0,0,0,-8,1,1,0,1
49,65,258,5,73,62,0,0,97,7,4,6,60,7,25,3,2,2,20,54,11,9,1,1
100,77,173,11,59,7,1,1,100,-7,7,8,8,1,43,0,0,0,69,-8,1,1,0,0
89,62,30,2,13,8,0,0,90,5,4,6,10,4,40,0,3,3,17,100,3,4,0,1
42,76,218,12,85,27,0,0,100,-7,7,8,41,0,21,-8,0,0,44,-8,3,1,1,0
50,82,240,4,103,23,0,0,92,28,6,6,26,3,50,-7,1,1,9,88,2,2,0,0
80,57,92,11,31,12,0,0,92,5,4,6,12,2,17,-7,1,1,87,-8,7,1,2,1
67,72,247,5,93,19,1,1,90,6,4,3,23,3,19,0,4,4,46,89,2,2,1,1
88,66,255,1,80,14,1,1,88,9,4,6,16,3,69,-7,4,4,58,60,3,4,1,1
57,69,207,1,79,21,2,2,100,-7,6,8,22,3,73,1,1,1,30,69,1,3,1,0
100,84,264,11,102,26,0,0,96,-7,5,7,27,1,33,1,1,1,21,57,7,3,0,0
64,81,398,2,112,17,0,0,100,-7,7,8,18,2,33,0,0,0,47,60,5,2,1,0
33,78,256,2,83,25,0,0,100,-7,7,8,27,1,19,3,1,1,34,-8,4,1,2,0
86,65,64,6,40,14,0,0,100,-7,7,8,14,1,36,0,1,1,95,-8,3,2,3,1
-9,-9,-9,-9,-9,-9,-9,-9,-9,-9,-9,-9,-9,-9,-9,-9,-9,-9,-9,-9,-9,-9,-9,0
57,78,92,6,25,10,0,0,100,-7,7,8,10,4,30,0,2,2,16,71,2,2,0,1
43,88,168,3,89,20,0,0,100,-7,6,7,11,1,20,20,1,1,5,-8,3,-8,0,0
63,82,364,26,126,26,0,0,96,53,6,6,27,0,15,-8,1,0,15,75,7,3,1,0
88,66,75,4,25,14,0,0,100,-7,7,8,14,5,64,0,2,2,80,95,4,3,1,1
50,89,172,5,76,18,0,0,100,-7,7,8,21,1,48,12,0,0,14,82,1,2,0,0
50,58,375,72,137,7,4,3,30,2,0,2,11,0,10,0,0,0,44,-8,2,-8,1,1
82,57,162,6,66,25,1,0,80,7,4,5,31,1,40,0,1,1,47,68,6,3,1,1
100,70,158,1,135,4,1,1,100,-7,7,8,13,1,80,-7,1,1,83,49,1,2,-8,1
50,68,217,11,109,24,0,0,88,18,6,6,24,1,17,0,5,4,61,-8,5,1,3,0
33,70,55,4,26,19,1,1,100,-7,6,8,19,4,32,3,1,1,15,68,3,1,1,0
31,66,367,30,84,31,0,0,97,2,4,6,20,0,32,6,1,0,15,-8,3,2,0,1
100,63,272,6,59,6,1,1,100,-7,6,8,6,3,17,0,0,0,97,-8,3,1,2,1
77,73,339,2,89,33,2,1,92,36,6,3,38,5,32,2,2,2,23,72,6,4,1,0
50,69,172,1,63,13,1,0,87,41,6,5,15,3,40,0,0,0,80,-8,3,1,2,1
60,70,118,6,52,24,0,0,88,-8,6,6,26,5,38,1,2,2,54,-8,2,1,1,1
100,73,176,15,47,14,0,0,100,-7,7,8,14,0,7,-7,0,0,62,-8,7,-8,4,1
64,64,345,3,109,31,2,1,92,59,6,2,36,3,42,0,3,3,51,78,6,1,3,0
17,84,217,19,94,25,0,0,100,-7,7,8,25,0,12,20,0,0,13,-8,1,-8,0,0
75,68,116,21,59,31,2,2,97,15,6,6,33,0,52,0,1,1,16,44,2,6,0,1
92,56,182,26,66,20,2,2,80,3,4,6,21,0,25,0,0,0,42,-8,11,1,3,1
64,69,142,2,42,15,2,2,83,35,6,2,18,3,39,0,0,0,19,43,4,3,0,0
75,88,313,14,116,5,0,0,100,-7,7,8,5,0,0,10,0,0,13,-8,3,-8,0,1
67,73,61,1,83,33,6,6,91,36,6,6,25,5,51,4,1,1,8,95,5,3,0,1
69,54,113,2,36,37,0,0,97,8,4,6,38,6,50,0,9,9,59,94,4,5,1,1
100,58,170,11,80,14,4,0,72,6,3,5,21,2,44,-7,0,0,65,68,3,4,0,0
46,82,306,5,67,18,0,0,100,-7,7,8,19,2,32,0,1,1,0,58,2,4,0,0
64,60,144,9,48,28,1,1,97,22,6,2,30,2,33,-7,0,0,79,59,5,4,4,1
70,84,308,10,125,27,0,0,100,-7,7,8,27,1,37,-7,0,0,27,52,2,5,0,0
83,67,203,45,144,12,1,1,86,2,0,2,23,0,36,-7,0,0,76,90,3,2,0,0
41,79,207,6,81,30,0,0,100,-7,7,8,31,4,16,0,2,2,8,63,6,2,0,1
73,72,179,2,57,30,0,0,100,-7,7,8,31,2,42,2,1,1,50,91,7,4,3,0
67,85,151,5,64,20,0,0,100,-7,7,8,20,2,35,0,0,0,4,56,4,2,0,1
60,68,168,13,76,31,0,0,97,1,4,6,31,0,16,2,1,1,42,-8,8,1,3,1
67,73,94,1,41,13,0,0,100,-7,7,8,21,5,67,-7,3,3,0,97,1,3,-8,1
81,70,259,5,81,23,1,1,91,27,6,6,22,1,35,0,2,2,38,39,11,2,3,1
63,68,253,11,99,36,1,1,85,10,4,2,40,2,28,0,0,0,44,-8,9,1,1,0
40,74,148,9,89,17,1,1,95,50,6,2,19,1,47,0,2,1,12,-8,1,1,0,0
80,69,603,1,182,10,0,0,82,38,6,6,11,1,18,0,0,0,96,-8,4,-8,4,0
75,69,77,8,45,28,0,0,100,-7,7,8,29,3,38,0,0,0,39,72,4,5,0,1
50,85,200,10,57,19,0,0,100,-7,7,8,19,1,16,-7,0,0,7,65,4,2,0,1
67,66,256,2,73,20,1,1,86,15,6,3,24,1,18,2,3,3,47,-8,5,1,3,1
88,61,256,12,99,14,1,0,68,2,4,5,19,0,58,-7,0,0,63,89,2,4,1,1
-9,-9,-9,-9,-9,-9,-9,-9,-9,-9,-9,-9,-9,-9,-9,-9,-9,-9,-9,-9,-9,-9,-9,1
88,68,143,2,64,36,3,2,86,36,6,4,42,7,69,-7,4,4,42,77,4,3,1,1
71,64,115,0,45,32,2,1,98,16,6,5,40,6,38,5,0,0,12,89,7,8,0,0
67,90,320,8,85,8,0,0,100,-7,7,8,8,1,25,12,0,0,2,-8,2,-8,-8,0
75,74,219,3,90,42,0,0,96,6,4,6,49,3,33,1,6,5,19,59,4,4,0,1
63,89,344,6,137,19,0,0,100,-7,7,8,20,1,25,0,1,1,10,-8,3,2,0,0
31,85,326,4,120,21,0,0,100,-7,7,8,44,1,26,4,3,3,5,39,2,2,0,0
100,70,156,5,58,3,0,0,100,-7,7,8,3,1,33,1,2,2,95,88,1,1,-8,0
50,69,148,4,66,41,0,0,100,-7,7,8,41,4,10,-7,1,1,32,60,7,3,1,1
53,60,249,2,81,27,0,0,96,1,4,6,71,3,36,-7,3,3,59,21,3,5,2,0
38,83,384,2,179,24,0,0,100,-7,7,8,26,1,19,1,1,1,4,-8,1,1,0,0
67,76,56,7,39,6,0,0,100,-7,7,8,6,1,17,0,0,0,21,22,3,1,1,1
83,74,193,2,84,14,0,0,100,-7,7,8,21,3,27,4,2,2,77,-8,5,-8,2,1
42,83,190,26,102,32,0,0,97,52,6,6,33,0,19,2,1,1,2,20,2,3,0,0
47,59,247,4,92,31,4,3,97,44,6,5,33,3,21,2,4,3,53,-8,5,1,3,0
89,55,58,3,24,18,0,0,95,5,4,6,19,3,53,0,1,1,65,91,4,4,2,1
78,66,246,5,86,26,6,4,79,59,6,5,28,2,61,0,0,0,28,67,3,4,1,1
100,65,265,11,64,16,0,0,88,37,6,6,17,1,24,0,1,1,76,-8,8,1,2,1
67,67,152,21,97,25,1,1,96,-7,5,7,26,0,35,0,7,6,59,-8,7,1,2,1
71,79,49,4,62,28,0,0,100,-7,7,8,6,3,36,1,1,1,26,71,2,2,1,0
45,82,247,3,57,46,0,0,98,18,6,6,46,3,28,0,0,0,3,45,3,2,0,1
69,66,166,5,65,19,0,0,100,-7,7,8,19,3,16,0,7,7,55,-8,6,3,4,0
33,77,177,1,59,41,0,0,100,-7,7,8,43,6,9,0,3,3,3,-8,8,1,1,0
90,72,214,6,88,34,0,0,97,78,6,6,35,1,46,-7,3,3,59,31,5,4,2,0
40,93,417,25,235,9,0,0,100,-7,7,8,9,0,22,-8,1,0,0,-8,1,-8,0,0
79,59,154,3,65,27,0,0,100,-7,7,8,27,6,37,0,2,2,85,74,8,3,5,1
80,64,320,2,96,40,0,0,93,24,6,6,42,2,37,0,7,7,35,77,14,2,1,0
70,85,324,20,143,21,0,0,100,-7,7,8,21,0,33,-8,0,0,10,-8,4,1,0,0
50,84,397,71,199,8,0,0,88,65,6,6,8,0,13,0,0,0,0,-8,0,-8,-8,0
40,88,176,5,72,13,0,0,100,-7,7,8,13,1,31,0,0,0,4,80,1,1,0,0
40,88,-8,4,129,10,0,0,100,-7,7,8,10,1,40,-7,3,3,4,-8,1,1,0,0
33,76,211,2,60,28,0,0,90,13,6,6,61,3,14,-7,1,1,13,96,5,3,0,1
67,71,151,2,34,10,0,0,100,-7,7,8,12,7,25,0,4,4,53,-8,6,-8,1,1
80,78,267,3,73,35,0,0,97,52,6,6,35,2,43,2,2,2,27,91,4,4,1,1
44,57,75,8,33,17,0,0,88,2,4,6,17,1,18,0,0,0,32,-8,3,1,2,1
70,67,-8,2,17,11,0,0,100,-7,7,8,0,6,8,-7,2,2,65,-8,6,1,1,1
69,84,138,5,52,18,0,0,100,-7,7,8,18,1,44,0,1,1,9,67,5,4,0,1
39,70,288,8,69,30,0,0,100,-7,7,8,30,2,20,0,1,1,31,94,5,2,2,1
72,63,177,6,116,28,0,0,87,2,4,6,29,2,50,0,9,9,52,40,3,9,0,1
100,55,367,2,74,24,0,0,96,8,4,6,26,10,46,0,7,6,77,63,6,4,4,1
75,74,66,6,36,10,0,0,100,-7,7,8,10,1,40,0,3,0,41,94,2,1,1,1
69,74,250,18,81,19,0,0,100,-7,7,8,20,0,20,0,1,1,69,54,6,3,2,0
67,59,183,8,84,19,2,0,90,22,6,5,21,2,5,-7,1,1,66,-8,6,-8,2,0
45,64,93,2,50,20,1,1,76,32,6,6,22,5,24,0,1,1,58,-8,4,1,2,0
83,80,315,27,114,12,0,0,83,38,6,6,13,0,50,14,0,0,18,70,3,2,0,1
-9,-9,-9,-9,-9,-9,-9,-9,-9,-9,-9,-9,-9,-9,-9,-9,-9,-9,-9,-9,-9,-9,-9,0
91,66,183,17,62,28,0,0,100,-7,7,8,29,0,28,12,0,0,86,54,8,2,8,1
70,68,374,4,72,21,0,0,95,2,4,6,22,5,36,0,0,0,45,79,5,2,1,1
83,64,157,2,38,6,4,4,88,33,6,2,8,2,50,-7,1,1,34,95,3,2,0,1
80,56,56,1,27,16,0,0,100,-7,7,8,17,4,12,-7,0,0,74,36,9,2,5,1
82,54,109,9,59,31,1,1,94,2,4,2,33,2,38,0,3,3,62,-8,8,1,3,1
70,84,313,6,103,25,0,0,100,-7,7,8,25,2,24,11,0,0,10,92,4,3,0,0
65,81,261,11,110,27,0,0,96,53,6,6,27,1,22,0,0,0,23,13,11,2,0,0
88,66,139,2,59,20,1,1,100,-7,6,8,21,4,24,1,1,1,60,-8,6,1,3,0
55,76,222,2,80,34,0,0,97,30,6,6,36,3,22,0,4,4,6,62,6,5,0,0
-9,-9,-9,-9,-9,-9,-9,-9,-9,-9,-9,-9,-9,-9,-9,-9,-9,-9,-9,-9,-9,-9,-9,0
83,66,54,6,28,10,1,1,100,-7,7,8,10,1,50,-7,2,2,74,57,3,2,1,1
100,68,168,10,33,8,0,0,100,-7,7,8,27,3,38,1,3,3,70,74,4,3,1,0
73,68,191,7,67,25,1,1,89,20,6,3,32,2,22,15,1,0,51,44,9,2,5,0
80,69,301,32,178,5,1,0,56,2,4,5,9,0,44,-8,0,0,75,40,2,2,1,1
92,65,61,2,26,13,1,1,100,-7,6,8,14,3,36,1,1,1,57,32,8,3,1,0
50,74,176,5,87,21,0,0,95,19,6,6,21,1,38,-7,2,2,29,89,3,1,1,1
50,92,406,8,149,12,0,0,100,-7,7,8,13,1,38,0,2,2,5,92,1,1,0,0
71,70,168,2,109,41,0,0,98,67,6,6,10,1,21,1,1,1,82,-8,14,-8,8,1
69,65,150,5,47,24,1,1,84,11,4,3,36,1,28,0,2,2,51,93,7,2,1,0
74,66,23,3,36,21,0,0,100,-7,7,8,8,2,19,0,1,1,45,72,11,3,5,1
63,70,284,1,64,12,1,0,71,9,4,5,14,1,14,0,1,1,15,60,3,2,0,0
29,82,161,4,60,41,0,0,100,-7,7,8,44,4,23,0,4,4,2,-8,3,1,1,1
33,88,-8,8,90,23,0,0,100,-7,7,8,0,2,9,-8,0,0,0,92,1,1,0,0
75,66,123,4,48,22,0,0,100,-7,7,8,22,4,14,-7,2,2,76,-8,7,1,5,1
70,66,184,10,112,15,1,0,56,4,4,5,43,1,28,-7,0,0,58,87,5,2,1,1
67,75,144,7,56,26,0,0,100,-7,7,8,27,2,42,1,1,1,32,62,3,4,1,0
100,62,193,2,69,16,0,0,94,24,6,6,17,3,24,7,0,0,92,-8,6,1,2,1
46,65,228,5,69,24,3,2,85,3,0,2,27,1,31,7,0,0,13,66,3,2,0,0
35,64,173,1,69,43,0,0,93,3,4,6,55,4,20,0,2,2,11,100,4,2,0,0
70,59,220,2,70,29,0,0,97,4,4,6,30,2,47,0,0,0,55,89,4,3,3,1
60,79,361,5,170,7,1,0,63,16,6,5,8,1,25,-7,1,1,8,92,2,1,1,0
80,64,243,3,56,24,0,0,100,-7,7,8,24,2,25,4,1,1,55,78,9,3,5,1
67,71,76,5,34,9,0,0,89,37,6,6,9,4,11,0,0,0,53,-8,4,-8,1,1
17,82,164,2,108,38,0,0,100,-7,7,8,30,2,15,2,2,2,2,41,2,1,0,0
57,72,270,1,91,35,0,0,94,22,6,6,36,2,8,0,0,0,40,-8,11,1,1,1
75,54,191,5,89,11,6,4,73,22,0,2,14,3,40,4,1,1,15,73,2,1,0,1
42,81,327,2,116,40,0,0,100,-7,7,8,5,4,15,1,2,2,7,88,5,3,1,0
100,72,75,8,52,3,0,0,100,-7,7,8,3,1,0,0,1,1,74,-8,3,-8,2,1
55,71,151,3,76,44,1,1,98,11,2,4,45,2,16,-7,0,0,19,70,9,3,1,0
38,86,94,9,90,23,0,0,100,-7,7,8,7,2,16,14,0,0,14,92,2,1,1,0
83,63,143,2,40,6,1,1,100,-7,6,8,18,3,43,0,1,1,68,78,2,3,0,1
50,84,176,26,148,17,0,0,100,-7,7,8,18,0,39,3,2,2,22,88,2,2,0,0
18,85,420,7,109,22,0,0,96,81,6,6,24,2,17,0,0,0,1,-8,2,1,0,0
43,77,186,35,73,9,1,1,90,-8,6,4,10,0,30,0,0,0,0,11,2,1,0,1
25,88,173,3,104,12,0,0,100,-7,7,8,12,1,33,0,1,1,0,-8,1,1,0,1
100,64,84,12,42,13,0,0,100,-7,7,8,13,0,38,11,0,0,90,87,6,2,2,0
70,72,259,5,91,26,1,1,96,15,0,2,28,1,30,0,0,0,51,95,5,2,1,1
100,63,54,25,40,2,0,0,50,22,6,6,2,0,100,-7,4,4,-8,-8,-8,1,-8,1
38,73,246,7,105,22,0,0,91,13,6,6,23,1,32,-7,0,0,19,-8,4,1,0,1
80,61,192,1,54,13,1,1,87,14,6,3,15,4,53,0,0,0,54,-8,3,1,1,1
100,76,190,23,98,24,0,0,100,-7,7,8,29,0,41,2,2,2,50,32,4,1,1,0
64,80,230,6,84,34,0,0,94,24,6,6,34,1,32,1,2,2,11,47,5,2,0,0
75,80,258,3,81,35,0,0,97,44,6,6,28,4,31,-7,2,2,29,75,8,4,0,0
78,69,252,3,90,44,1,0,91,7,4,5,46,4,20,4,1,1,23,100,11,2,1,0
43,73,222,4,96,22,1,1,83,34,6,2,23,1,30,1,2,2,5,92,1,2,0,1
44,81,76,10,49,12,0,0,100,-7,7,8,12,1,17,-8,0,0,27,-8,2,1,0,1
83,57,117,3,36,10,0,0,70,3,4,6,10,2,50,1,1,1,98,69,2,3,1,1
56,78,233,9,103,42,0,0,100,-7,7,8,42,2,38,-8,0,0,20,85,5,4,0,0
54,58,136,4,70,22,2,1,70,7,4,3,27,2,30,0,0,0,72,41,3,2,2,1
43,79,102,8,45,21,0,0,100,-7,7,8,21,1,43,0,0,0,26,-8,1,2,0,0
46,77,98,1,46,22,0,0,100,-7,7,8,33,5,30,-7,4,4,2,92,3,3,0,1
86,73,282,2,92,14,1,0,94,32,6,5,17,3,47,0,5,5,46,46,2,4,0,1
-9,-9,-9,-9,-9,-9,-9,-9,-9,-9,-9,-9,-9,-9,-9,-9,-9,-9,-9,-9,-9,-9,-9,1
63,69,158,3,53,24,2,0,92,-8,6,5,4,4,23,0,2,2,40,55,8,2,1,1
75,84,188,12,78,30,0,0,100,-7,7,8,30,0,21,2,1,1,0,-8,1,2,1,0
50,75,289,3,83,39,1,1,95,33,6,2,42,2,33,3,1,1,21,-8,3,1,1,0
50,77,168,14,72,21,0,0,100,-7,7,8,21,0,29,2,1,1,29,76,2,1,1,0
75,79,136,9,87,15,0,0,100,-7,7,8,15,1,27,-7,0,0,47,-8,5,1,1,0
30,89,190,5,55,14,0,0,100,-7,7,8,15,1,47,5,1,1,0,-8,0,3,0,0
55,80,194,9,96,20,0,0,100,-7,7,8,21,1,30,-7,1,1,16,66,5,1,0,1
50,88,160,5,74,10,0,0,100,-7,7,8,10,1,50,0,1,1,0,84,1,2,0,0
67,62,281,1,54,41,0,0,85,2,4,6,47,7,47,0,6,5,34,87,7,3,1,1
100,72,25,16,22,5,0,0,100,-7,7,8,6,0,67,10,0,0,-8,83,-8,2,-8,1
40,67,245,5,87,11,0,0,77,2,4,6,14,1,23,2,2,2,28,-8,2,-8,0,1
55,64,182,6,43,18,0,0,61,13,6,6,19,2,33,0,0,0,38,-8,5,1,2,1
57,89,291,64,154,32,0,0,100,-7,7,8,35,0,23,1,4,3,1,-8,2,2,0,0
100,68,155,13,48,10,2,2,90,8,4,6,12,0,40,0,0,0,59,49,3,4,0,1
69,62,132,7,69,31,0,0,100,-7,7,8,33,2,24,0,1,1,87,96,7,4,4,1
68,59,389,9,74,42,0,0,83,1,4,6,47,2,32,0,2,2,63,81,9,3,2,1
100,69,226,2,29,1,0,0,100,-7,7,8,42,1,0,-7,2,2,85,-8,2,-8,1,1
57,72,295,11,84,18,1,1,95,8,0,2,19,2,53,0,0,0,24,99,2,2,0,0
56,74,129,6,64,18,1,1,100,-7,6,8,18,1,33,3,4,4,6,-8,5,-8,0,1
80,78,125,4,97,16,0,0,94,67,6,6,9,1,19,-7,0,0,36,17,6,2,1,1
67,81,220,2,91,20,0,0,100,-7,7,8,23,2,39,-7,2,2,36,-8,3,1,1,0
67,73,259,6,120,26,0,0,93,42,6,6,27,3,22,5,0,0,49,79,4,2,2,0
38,77,187,15,74,37,0,0,100,-7,7,8,37,0,14,0,0,0,35,-8,4,1,2,1
93,75,183,18,92,21,0,0,100,-7,7,8,22,0,27,0,0,0,88,91,9,3,5,1
50,83,157,4,94,19,0,0,100,-7,7,8,19,1,32,22,0,0,20,-8,2,1,1,0
75,61,127,14,53,16,0,0,94,3,4,6,16,0,69,0,1,1,98,64,1,2,-8,1
46,69,155,3,52,31,0,0,100,-7,7,8,31,1,29,-7,2,2,51,98,3,3,2,1
75,66,164,8,71,24,1,0,85,0,4,5,27,1,30,0,4,4,17,30,3,6,0,1
87,63,242,2,68,25,0,0,100,-7,7,8,26,1,19,-7,3,3,73,-8,12,1,5,1
67,81,190,17,84,10,0,0,75,25,6,6,35,0,50,-7,1,1,4,76,2,2,0,1
75,82,177,5,54,25,0,0,96,-8,6,6,26,4,42,0,1,1,9,77,4,2,0,1
100,58,30,15,24,4,0,0,25,3,4,6,4,0,50,0,0,0,-8,-8,1,1,-8,1
40,79,203,4,95,28,1,0,91,41,6,5,16,2,28,3,1,1,1,-8,3,1,0,0
38,70,419,6,79,15,2,2,90,2,0,2,21,3,29,0,1,1,44,-8,2,1,1,0
40,84,245,10,113,16,0,0,94,17,6,6,17,1,12,-7,0,0,6,-8,2,-8,0,0
33,61,214,5,92,38,0,0,95,4,4,6,79,2,21,1,6,6,26,76,5,2,3,1
33,87,228,3,68,31,0,0,100,-7,7,8,31,3,29,0,3,3,0,98,1,2,0,0
78,62,242,14,106,15,2,2,56,6,4,2,7,0,28,-7,0,0,67,-8,5,2,1,1
57,65,226,4,82,48,0,0,100,-7,7,8,19,2,10,0,8,8,58,44,10,3,4,1
80,64,133,8,77,16,3,2,76,5,3,4,21,2,29,0,2,2,32,2,6,2,1,1
56,85,293,20,94,36,0,0,100,-7,7,8,37,0,38,-8,0,0,1,63,2,3,0,0
43,74,260,7,61,45,1,0,96,60,6,5,47,1,24,-7,2,2,14,87,6,3,1,0
80,74,132,2,72,15,0,0,100,-7,7,8,16,1,19,0,2,2,58,62,5,2,1,0
39,66,198,10,70,37,1,0,78,5,4,5,40,4,50,0,2,2,1,78,4,3,0,1
73,63,150,3,50,29,3,3,91,75,6,3,32,4,75,-7,6,6,33,90,1,7,1,1
-9,-9,-9,-9,-9,-9,-9,-9,-9,-9,-9,-9,-9,-9,-9,-9,-9,-9,-9,-9,-9,-9,-9,0
55,59,172,5,54,16,0,0,82,0,4,6,17,3,47,0,0,0,64,13,3,3,2,1
-9,-9,-9,-9,-9,-9,-9,-9,-9,-9,-9,-9,-9,-9,-9,-9,-9,-9,-9,-9,-9,-9,-9,0
71,66,75,4,41,24,0,0,100,-7,7,8,25,2,32,4,2,2,54,79,6,4,3,0
67,73,135,3,93,6,3,1,75,79,6,4,12,1,67,1,3,3,0,118,0,2,-8,0
75,71,124,7,53,12,1,1,92,37,6,2,14,1,64,0,1,1,43,34,2,3,1,1
82,65,102,10,40,20,0,0,100,-7,7,8,20,1,20,0,1,1,46,65,6,3,2,1
27,75,221,6,43,58,0,0,100,-7,7,8,59,10,5,0,2,2,15,95,6,2,2,0
56,80,248,9,141,27,0,0,100,-7,7,8,30,1,30,-7,1,1,23,91,2,3,1,0
57,60,164,10,87,27,5,3,80,38,6,3,32,1,40,-7,1,1,67,64,2,2,1,0
87,73,255,4,77,34,2,1,92,8,4,2,36,5,86,0,2,2,11,96,2,11,0,0
40,85,208,7,131,15,0,0,100,-7,7,8,33,1,33,1,1,1,12,-8,1,1,0,0
75,66,152,5,74,20,2,2,87,13,5,2,23,2,52,5,1,1,0,57,0,3,-8,1
100,63,119,4,48,23,0,0,96,45,6,6,26,1,62,0,1,1,99,-8,2,-8,2,1
100,62,59,12,33,10,0,0,100,-7,7,8,10,0,50,0,0,0,100,99,5,3,3,1
100,57,121,12,63,7,4,4,70,57,0,2,11,0,60,0,0,0,38,78,1,3,0,1
25,83,284,34,93,9,0,0,100,-7,7,8,22,0,33,7,0,0,0,50,0,1,0,1
75,83,464,12,153,16,0,0,94,19,6,6,16,0,19,0,1,1,18,27,2,1,0,1
100,73,187,11,77,24,0,0,100,-7,7,8,24,1,50,10,0,0,48,87,4,3,2,0
79,61,164,0,52,31,4,4,94,40,6,2,36,4,59,-7,7,7,13,85,4,7,0,0
63,81,427,9,123,28,0,0,100,-7,7,8,29,1,31,3,1,1,22,91,8,2,0,0
63,60,144,3,24,23,0,0,100,-7,7,8,24,4,9,1,4,4,60,-8,7,2,3,1
80,80,121,7,58,11,0,0,91,56,6,6,11,1,0,0,1,1,15,-8,4,-8,1,0
83,56,202,8,67,20,2,1,81,6,3,5,22,1,27,0,1,1,81,81,6,3,4,1
64,61,-8,3,58,12,4,4,83,18,6,6,12,2,33,0,2,2,68,65,4,3,0,1
58,57,269,11,74,29,1,0,70,4,3,5,30,2,40,0,2,2,41,43,6,5,1,1
100,66,84,25,54,2,2,0,25,21,6,5,4,0,25,0,3,3,97,-8,1,1,1,1
100,54,51,11,34,7,2,2,63,3,4,2,9,1,33,0,1,1,86,88,3,1,0,1
25,92,490,61,127,10,0,0,100,-7,7,8,11,0,0,-8,0,0,0,-8,2,-8,0,0
100,72,435,48,48,1,0,0,0,25,6,6,24,0,100,0,2,2,-8,-8,-8,1,-8,0
75,87,138,6,89,13,0,0,100,-7,7,8,17,1,41,6,0,0,8,-8,2,1,0,0
63,81,158,7,78,14,0,0,100,-7,7,8,15,2,21,7,0,0,15,83,2,3,0,0
100,75,40,3,12,6,0,0,100,-7,7,8,6,4,67,6,0,0,24,89,1,2,-8,1
70,65,151,9,55,14,1,1,100,-7,6,8,16,2,21,1,1,1,76,-8,6,1,4,1
71,71,114,11,80,12,0,0,92,-8,6,6,12,1,33,0,0,0,42,84,3,2,1,0
46,82,144,9,61,24,1,0,96,49,6,5,25,1,24,0,1,1,5,47,4,2,0,0
47,81,234,9,93,27,0,0,89,32,6,6,29,1,19,1,2,2,16,17,4,3,0,0
100,68,-8,2,67,14,2,0,79,57,6,5,0,1,58,-7,1,1,46,81,4,5,1,0
100,69,52,8,28,3,0,0,100,-7,7,8,3,1,67,-7,2,1,95,-8,1,1,-8,1
69,62,437,10,154,15,1,0,67,4,4,5,18,1,11,-7,1,1,27,-8,7,1,1,0
50,73,170,21,70,28,1,1,100,-7,0,8,28,0,36,-7,0,0,28,8,2,2,1,0
36,91,323,5,118,25,0,0,100,-7,7,8,27,1,41,18,0,0,3,81,1,3,0,0
50,85,288,6,100,25,0,0,100,-7,7,8,25,2,24,0,0,0,10,57,3,2,0,0
78,64,144,2,63,18,2,2,85,72,5,3,21,3,50,0,6,6,60,80,2,5,1,1
-9,-9,-9,-9,-9,-9,-9,-9,-9,-9,-9,-9,-9,-9,-9,-9,-9,-9,-9,-9,-9,-9,-9,1
33,86,148,2,77,24,0,0,96,47,6,6,26,1,46,2,2,2,3,-8,2,-8,0,0
67,81,329,12,111,19,0,0,95,1,4,6,20,0,55,0,0,0,1,86,2,4,0,1
79,69,315,8,81,41,0,0,100,-7,7,8,55,1,45,0,3,3,57,93,2,9,2,0
100,66,186,9,61,24,1,1,100,-7,6,8,27,1,63,0,0,0,79,85,6,6,3,1
17,81,158,9,64,32,0,0,100,-7,7,8,32,2,50,-7,2,2,14,-8,2,-8,0,0
-9,-9,-9,-9,-9,-9,-9,-9,-9,-9,-9,-9,-9,-9,-9,-9,-9,-9,-9,-9,-9,-9,-9,1
42,78,193,23,100,24,1,0,81,13,6,5,26,0,19,0,2,1,0,-8,3,1,0,1
71,69,272,7,90,11,1,1,92,9,0,2,12,2,42,0,0,0,35,95,3,1,1,0
55,60,230,1,90,29,2,2,91,10,0,3,32,1,28,0,3,3,46,59,8,3,4,0
88,78,-8,9,74,41,0,0,100,-7,7,8,44,2,37,-7,0,0,35,80,3,4,1,0
-9,-9,-9,-9,-9,-9,-9,-9,-9,-9,-9,-9,-9,-9,-9,-9,-9,-9,-9,-9,-9,-9,-9,1
50,86,137,2,75,24,0,0,100,-7,7,8,25,2,36,0,3,3,7,73,2,2,0,0
25,83,204,6,98,14,0,0,100,-7,7,8,14,3,21,6,0,0,27,-8,2,1,0,0
57,79,187,8,52,13,0,0,92,53,6,6,20,3,54,8,0,0,2,93,1,3,0,0
-9,-9,-9,-9,-9,-9,-9,-9,-9,-9,-9,-9,-9,-9,-9,-9,-9,-9,-9,-9,-9,-9,-9,0
27,67,165,20,90,24,0,0,96,2,4,6,24,0,17,22,0,0,19,-8,3,1,1,0
92,65,148,1,65,16,0,0,100,-7,7,8,17,1,29,4,1,1,79,69,7,5,6,1
56,84,347,5,75,25,0,0,100,-7,7,8,19,3,44,4,1,1,2,81,2,3,0,0
50,81,419,11,240,13,0,0,100,-7,7,8,13,1,8,11,0,0,55,-8,3,-8,1,0
67,67,117,3,47,13,1,0,86,17,6,5,14,3,36,0,2,2,29,-8,3,1,0,1
64,71,153,6,51,11,0,0,100,-7,7,8,11,3,0,5,0,0,45,-8,7,-8,1,0
67,67,156,1,62,5,1,0,89,14,6,5,9,4,56,0,2,2,14,90,1,3,1,1
11,81,98,3,40,22,0,0,100,-7,7,8,23,6,17,1,4,3,0,81,0,1,0,1
50,85,160,20,55,27,0,0,100,-7,7,8,28,0,22,-7,2,2,11,-8,3,1,0,0
44,83,130,0,45,14,0,0,100,-7,7,8,16,3,44,0,2,2,25,-8,2,2,0,1
56,68,301,7,91,30,0,0,100,-7,7,8,34,1,18,0,1,1,76,42,8,2,6,1
63,70,117,3,50,18,0,0,89,15,6,6,18,4,50,7,0,0,42,83,2,3,0,1
96,66,132,3,36,34,0,0,100,-7,7,8,34,3,26,10,0,0,66,81,21,4,5,0
64,84,196,10,82,12,0,0,100,-7,7,8,25,1,17,0,2,2,29,54,5,2,0,0
75,89,193,18,97,19,0,0,100,-7,7,8,20,0,45,17,0,0,4,-8,2,1,0,0
43,83,139,22,72,18,0,0,100,-7,7,8,16,0,22,-8,0,0,20,82,1,2,0,0
17,91,296,49,163,14,0,0,100,-7,7,8,15,0,20,-8,0,0,2,-8,1,-8,0,0
55,56,102,4,52,32,0,0,94,19,6,6,11,1,22,0,4,4,69,89,6,5,3,1
40,86,257,14,126,25,0,0,100,-7,7,8,25,0,8,0,0,0,18,-8,5,1,0,0
73,70,261,2,63,19,0,0,100,-7,7,8,21,1,25,-7,1,1,60,62,5,3,3,1
60,76,136,1,57,20,0,0,100,-7,7,8,21,2,33,0,0,0,44,-8,5,1,1,1
71,79,175,1,59,21,0,0,100,-7,7,8,22,2,68,1,1,1,46,92,2,3,1,0
89,69,307,9,108,20,0,0,81,3,4,6,21,1,33,6,0,0,20,58,4,3,0,1
38,79,108,4,58,26,0,0,100,-7,7,8,26,1,12,0,7,7,5,-8,2,1,0,0
83,65,159,28,49,11,0,0,91,14,6,6,22,0,27,9,0,0,52,-8,4,1,1,1
88,79,168,4,54,25,0,0,100,-7,7,8,29,3,34,0,0,0,40,47,5,2,2,0
60,81,181,1,74,13,0,0,93,19,6,6,14,1,29,-7,3,3,11,48,2,1,0,0
100,89,222,6,93,16,0,0,100,-7,7,8,16,1,44,7,0,0,6,90,1,2,0,0
60,69,187,5,53,24,0,0,100,-7,7,8,24,4,33,14,0,0,51,98,6,3,3,0
89,72,172,1,62,14,0,0,93,11,4,6,15,1,60,0,2,2,24,61,4,4,1,1
33,91,455,10,202,11,0,0,100,-7,7,8,11,1,18,-7,1,1,5,-8,1,1,0,0
71,82,144,3,84,22,0,0,100,-7,7,8,31,1,28,0,3,3,37,83,2,3,0,0
75,70,-8,11,36,7,0,0,88,20,6,6,9,2,33,-7,0,0,48,100,1,2,0,1
71,72,69,5,47,17,1,0,89,36,6,5,18,1,11,0,2,2,17,-8,9,1,0,1
100,73,196,14,85,31,0,0,97,23,6,6,33,0,42,0,0,0,53,-8,4,1,1,0
67,66,151,17,87,9,5,0,64,17,6,5,14,0,57,0,2,2,80,-8,1,1,1,1
75,65,140,14,23,5,0,0,100,-7,7,8,7,0,40,-7,1,1,95,-8,2,1,-8,1
83,77,127,2,62,11,0,0,100,-7,7,8,10,1,25,-7,3,3,28,43,3,2,1,1
100,61,159,10,30,12,1,1,100,-7,6,8,37,2,33,10,0,0,55,66,4,2,0,0
100,58,119,1,55,29,0,0,75,7,4,6,32,4,34,0,2,2,99,99,3,4,1,1
82,63,313,16,113,17,3,0,70,19,5,5,23,0,22,0,1,1,61,-8,7,1,1,1
75,73,188,4,83,31,0,0,100,-7,7,8,32,2,42,7,1,0,37,85,2,4,2,0
46,87,266,15,137,24,0,0,100,-7,7,8,3,0,40,21,0,0,4,-8,4,2,0,0
60,63,235,7,123,4,13,9,44,17,6,4,9,1,44,7,0,0,1,48,1,2,0,1
86,74,115,13,31,10,0,0,100,-7,7,8,35,0,40,-7,1,1,21,73,3,2,1,1
78,73,152,2,60,21,0,0,100,-7,7,8,22,1,64,0,3,3,61,68,4,3,1,0
72,43,255,3,119,29,1,1,63,1,4,6,3,4,33,-7,1,1,63,67,7,6,5,1
50,82,127,4,69,27,0,0,100,-7,7,8,28,3,18,0,3,3,25,99,6,3,1,0
45,82,175,15,77,23,0,0,96,46,6,6,23,0,39,0,3,3,5,50,2,3,0,0
33,71,257,8,79,35,1,1,86,15,6,2,7,2,14,7,0,0,10,31,3,1,0,0
67,64,58,9,28,14,0,0,93,18,6,6,15,2,21,-7,1,1,51,-8,5,1,2,1
-9,-9,-9,-9,-9,-9,-9,-9,-9,-9,-9,-9,-9,-9,-9,-9,-9,-9,-9,-9,-9,-9,-9,0
44,81,271,23,82,23,0,0,100,-7,7,8,26,0,38,0,0,0,11,-8,2,2,0,0
75,74,204,14,88,51,0,0,100,-7,7,8,64,0,40,-7,0,0,34,53,6,9,1,1
100,63,112,5,42,3,1,1,100,-7,6,8,3,2,100,0,2,2,-8,81,-8,2,-8,1
70,69,190,6,66,30,1,0,91,17,6,5,21,2,25,-7,0,0,37,-8,6,1,1,0
44,68,91,4,25,18,0,0,100,-7,7,8,21,10,19,0,4,4,14,52,4,3,1,1
36,68,207,2,86,30,0,0,94,2,4,6,57,3,16,-7,2,2,19,51,3,2,0,1
100,80,218,8,85,8,0,0,88,60,6,6,2,1,38,-7,0,0,24,88,3,1,0,0
88,73,80,2,42,14,0,0,100,-7,7,8,15,2,27,-8,0,0,61,73,4,3,0,1
88,54,116,17,46,12,4,1,50,5,3,4,16,0,38,-7,2,1,81,-8,6,1,1,1
38,87,442,5,202,18,0,0,100,-7,7,8,18,1,28,-8,0,0,0,95,2,1,0,0
71,74,246,0,107,30,0,0,100,-7,5,8,32,3,13,0,1,1,47,79,17,2,2,0
83,58,246,17,128,8,2,2,78,10,4,4,9,0,22,0,0,0,74,-8,4,1,2,1
58,58,334,4,99,34,0,0,68,13,6,6,37,2,54,2,4,4,68,32,3,4,1,1
57,75,175,2,70,13,1,0,93,51,6,2,15,1,53,0,1,1,57,79,1,3,-8,1
100,59,176,19,65,16,1,1,71,20,6,2,17,0,82,-7,1,0,90,72,1,3,1,1
67,54,235,7,79,25,1,0,79,2,3,5,29,2,14,6,0,0,48,62,5,3,3,1
65,59,191,6,82,46,0,0,93,1,4,6,7,1,9,3,1,1,55,64,21,1,7,1
33,84,454,4,141,29,0,0,100,-7,7,8,30,2,17,1,3,2,8,37,2,1,0,0
60,77,154,9,63,27,0,0,96,7,4,6,27,1,63,0,2,2,1,80,1,5,0,0
13,86,268,6,87,25,0,0,96,36,6,6,27,1,20,0,2,2,0,-8,1,-8,0,0
38,82,272,3,106,26,1,1,89,10,4,4,28,1,32,0,0,0,7,-8,2,2,0,1
100,59,-8,5,82,20,5,5,78,6,4,2,27,1,67,4,1,1,98,84,2,4,-8,1
75,78,141,9,64,20,0,0,100,-7,7,8,20,1,35,-7,0,0,48,98,1,4,-8,0
60,66,171,11,75,28,1,1,100,-7,6,8,28,2,14,1,3,2,69,37,6,1,3,1
73,56,233,28,92,19,0,0,79,2,4,6,20,0,21,0,1,1,77,-8,7,1,4,1
88,64,104,3,61,38,0,0,100,-7,7,8,38,1,29,-8,0,0,74,98,10,4,6,0
75,83,308,20,114,30,0,0,100,-7,7,8,29,0,50,2,1,1,16,20,4,4,0,0
57,63,149,13,49,17,1,1,100,-7,7,8,17,0,6,-7,2,2,58,-8,7,1,3,1
-8,73,29,16,23,2,0,0,100,-7,7,8,2,0,50,0,2,2,-8,-8,-8,-8,-8,0
53,61,380,1,108,47,0,0,98,-8,6,6,55,7,16,0,7,7,39,-8,11,4,5,0
92,74,225,5,95,32,0,0,94,19,6,6,32,2,56,-7,1,1,41,90,6,5,0,0
67,58,237,3,64,27,0,0,85,10,4,6,52,5,15,7,0,0,61,86,11,3,4,0
23,80,382,4,90,21,0,0,95,69,6,6,21,3,0,-7,0,0,0,-8,3,-8,2,0
-9,-9,-9,-9,-9,-9,-9,-9,-9,-9,-9,-9,-9,-9,-9,-9,-9,-9,-9,-9,-9,-9,-9,1
64,85,269,18,145,20,0,0,100,-7,7,8,20,0,25,10,0,0,20,-8,5,1,0,1
100,60,75,56,69,2,1,0,33,15,6,5,3,0,67,0,0,0,80,-8,1,1,1,1
100,55,223,23,107,12,2,1,79,2,4,5,15,0,36,0,0,0,86,50,4,3,2,1
100,67,154,2,83,9,2,1,81,20,6,4,16,3,44,0,6,3,49,92,6,2,2,1
57,72,38,6,17,17,0,0,100,-7,7,8,17,4,12,0,0,0,59,76,3,1,0,1
75,77,337,22,70,13,0,0,92,14,6,6,14,0,54,9,0,0,0,-8,1,2,1,0
95,72,190,6,76,50,0,0,98,64,6,6,54,1,61,-7,1,1,57,49,6,13,1,0
65,65,483,0,84,35,0,0,97,41,6,6,38,5,21,0,4,4,42,21,9,2,1,1
86,57,123,13,56,11,2,0,64,4,3,5,14,0,71,0,8,8,61,72,1,5,0,1
83,70,73,1,33,8,0,0,100,-7,7,8,9,2,0,0,2,2,67,-8,5,-8,2,1
89,78,202,1,102,12,0,0,86,17,6,6,39,2,57,-7,0,0,16,101,3,4,0,1
100,75,123,12,74,7,0,0,75,7,4,6,8,0,25,0,2,0,17,90,2,1,0,1
67,85,231,9,107,13,0,0,100,-7,7,8,13,1,54,0,0,0,30,91,3,1,0,0
67,91,166,35,121,10,0,0,100,-7,7,8,10,0,40,-8,0,0,10,38,1,3,0,0
22,77,338,2,109,16,2,2,90,65,6,2,21,1,14,0,1,1,2,-8,1,1,0,0
87,69,464,4,107,32,0,0,100,-7,7,8,33,1,48,3,1,1,90,80,7,5,6,0
-9,-9,-9,-9,-9,-9,-9,-9,-9,-9,-9,-9,-9,-9,-9,-9,-9,-9,-9,-9,-9,-9,-9,0
22,91,340,18,152,15,0,0,100,-7,7,8,15,0,7,-8,0,0,3,-8,2,-8,0,0
55,68,373,2,105,33,0,0,91,4,4,6,34,2,50,21,0,0,36,70,3,3,1,0
100,60,37,9,22,11,0,0,100,-7,7,8,11,1,55,-7,8,8,112,61,3,1,0,1
57,89,284,21,92,16,0,0,100,-7,7,8,16,0,25,11,0,0,9,71,2,2,0,0
100,56,30,20,26,3,0,0,75,10,4,6,4,0,50,0,0,0,97,77,2,1,1,1
88,72,118,3,47,22,0,0,83,6,4,6,23,4,65,0,1,0,3,83,3,3,0,1
-9,-9,-9,-9,-9,-9,-9,-9,-9,-9,-9,-9,-9,-9,-9,-9,-9,-9,-9,-9,-9,-9,-9,1
63,78,296,5,124,26,0,0,96,34,6,6,15,1,35,0,1,1,19,-8,4,7,1,0
71,71,122,4,75,17,4,4,84,73,6,3,25,3,52,0,1,1,7,76,2,7,0,0
75,68,166,4,47,17,0,0,100,-7,7,8,18,2,11,0,0,0,78,-8,8,1,4,1
100,65,109,6,45,7,1,1,86,39,6,6,8,2,57,0,0,0,79,93,2,1,1,1
58,59,216,7,72,32,0,0,91,4,4,6,33,3,9,0,1,1,37,82,9,2,4,1
83,79,161,16,92,18,0,0,100,-7,7,8,20,0,40,-7,0,0,65,71,3,2,2,0
46,84,210,5,106,31,0,0,100,-7,7,8,31,3,45,6,0,0,8,76,2,4,0,0
60,73,192,20,93,20,1,1,95,48,6,6,20,0,50,-7,1,1,33,75,1,5,0,1
58,69,410,1,124,49,0,0,100,-7,7,8,52,10,23,1,1,1,41,15,11,2,1,1
46,61,205,4,78,22,0,0,95,1,4,6,22,2,23,0,0,0,70,75,4,2,3,1
100,83,-8,6,55,6,0,0,100,-7,7,8,0,3,67,-7,1,1,15,101,2,2,0,0
100,58,126,8,58,3,2,2,75,70,6,2,5,2,50,0,1,1,-8,50,-8,2,-8,1
33,61,264,11,110,12,4,3,69,4,2,4,16,2,38,0,2,2,2,-8,1,1,0,1
33,60,-8,3,73,19,3,3,84,76,0,6,0,3,42,8,0,0,22,73,1,2,0,1
44,64,97,10,50,22,0,0,95,15,6,6,24,1,41,-7,0,0,68,64,2,2,2,0
93,57,232,3,83,21,0,0,63,0,4,6,24,3,29,4,1,1,90,36,10,2,4,0
33,83,130,1,62,31,0,0,100,-7,7,8,37,1,9,18,0,0,6,-8,3,1,0,0
78,64,120,6,49,15,1,1,88,25,6,4,16,2,44,0,1,1,69,81,4,3,2,0
50,59,136,6,42,18,0,0,89,17,6,6,18,4,28,0,1,1,44,99,5,2,3,1
29,71,158,1,75,31,2,1,88,14,6,3,34,1,32,0,1,1,71,5,3,2,2,1
100,79,156,156,156,1,0,0,100,-7,7,8,1,0,100,0,0,0,-8,-8,-8,1,-8,1
94,67,311,3,56,31,0,0,100,-7,7,8,31,8,45,0,2,2,48,92,8,8,2,0
27,74,222,3,102,24,1,1,96,50,6,2,27,2,37,0,2,2,3,-8,3,-8,0,0
50,80,446,20,103,27,0,0,100,-7,7,8,28,0,46,1,2,2,0,10,1,4,1,1
78,70,78,4,50,23,0,0,96,11,4,6,24,1,46,3,2,2,48,76,2,5,0,0
83,62,274,11,105,37,0,0,87,13,6,6,39,1,15,-7,1,1,52,16,14,3,2,1
89,58,154,9,84,17,1,0,83,22,6,5,18,2,22,0,2,2,28,-8,7,1,1,1
-9,-9,-9,-9,-9,-9,-9,-9,-9,-9,-9,-9,-9,-9,-9,-9,-9,-9,-9,-9,-9,-9,-9,1
57,66,176,7,83,17,0,0,94,8,4,6,17,1,35,-7,0,0,64,-8,2,1,2,1
67,66,120,3,60,23,1,0,83,22,5,5,30,2,17,-7,2,1,44,70,4,2,0,1
56,75,127,10,54,16,0,0,94,47,6,6,16,1,44,0,6,6,4,17,2,3,1,1
100,72,117,1,48,13,1,0,87,72,6,5,15,1,47,-7,3,3,42,100,3,2,0,1
100,66,204,6,89,20,0,0,100,-7,7,8,20,1,40,0,1,1,90,100,2,2,1,1
100,82,80,61,73,3,0,0,100,-7,7,8,3,0,33,-7,0,0,50,-8,1,-8,0,0
59,71,376,1,115,35,0,0,100,-7,7,8,36,2,22,0,0,0,32,4,9,3,2,0
92,58,194,5,83,23,1,1,85,2,2,4,26,2,35,0,0,0,72,95,9,2,3,1
60,89,151,20,87,14,0,0,100,-7,7,8,14,0,50,-8,0,0,9,-8,1,2,0,0
100,65,113,5,60,6,1,1,71,35,6,4,7,2,29,1,1,1,13,-8,5,1,0,0
100,68,188,19,60,19,0,0,100,-7,7,8,17,0,32,10,1,0,92,73,5,2,4,0
89,65,53,2,27,17,0,0,100,-7,7,8,19,4,61,0,3,3,51,57,5,3,1,0
56,77,94,2,83,16,0,0,100,-7,7,8,15,1,28,1,2,1,41,-8,4,1,1,1
56,85,273,12,113,15,0,0,100,-7,7,8,16,0,19,0,0,0,1,-8,4,1,0,0
50,78,110,6,54,26,0,0,100,-7,7,8,27,2,52,0,3,3,0,89,2,4,0,1
69,55,590,2,185,29,1,0,90,7,4,5,31,4,19,0,1,1,55,-8,10,-8,3,1
36,74,155,11,68,18,0,0,91,7,4,6,23,2,26,0,0,0,1,-8,3,1,0,1
80,72,-8,8,57,10,0,0,100,-7,7,8,0,2,50,8,0,0,56,-8,3,1,3,0
83,82,233,43,96,15,0,0,100,-7,7,8,17,0,65,-7,0,0,45,71,4,1,0,0
100,66,133,11,128,14,1,1,80,8,4,2,15,1,60,-7,0,0,44,84,4,2,1,1
60,72,259,7,82,41,0,0,100,-7,7,8,41,3,22,0,8,8,37,80,10,2,2,1
63,81,194,8,60,25,0,0,96,56,6,6,25,3,44,8,0,0,15,-8,3,2,0,0
55,78,110,3,42,17,0,0,94,79,6,6,17,6,18,1,1,1,4,-8,4,1,0,0
100,82,111,18,67,4,0,0,100,-7,7,8,4,0,50,0,0,0,14,-8,1,-8,0,0
88,80,175,11,73,15,0,0,100,-7,7,8,17,1,53,11,0,0,32,84,3,4,0,1
80,68,142,5,54,26,0,0,100,-7,7,8,27,2,26,0,3,3,70,68,5,3,3,1
33,89,396,15,129,15,0,0,100,-7,7,8,15,0,13,-8,0,0,3,-8,2,1,0,0
100,60,150,23,68,3,2,2,67,4,0,2,6,0,33,1,4,4,-8,-8,1,-8,-8,1
33,85,246,56,166,6,0,0,100,-7,7,8,6,0,17,0,2,2,0,-8,1,-8,-8,0
36,77,195,3,53,33,0,0,100,-7,7,8,33,8,21,-7,2,2,1,-8,2,1,0,0
67,72,212,2,57,16,0,0,100,-7,7,8,17,2,35,-7,0,0,69,52,5,3,4,0
20,78,84,2,25,11,1,0,92,20,6,5,13,1,15,2,4,4,2,77,1,1,0,0
50,87,306,10,122,11,0,0,92,65,6,6,12,1,42,1,1,1,0,-8,2,-8,0,0
81,81,397,35,108,21,0,0,100,-7,7,8,21,0,14,0,2,2,23,-8,13,-8,1,1
75,58,25,1,10,3,0,0,100,-7,7,8,4,3,25,0,4,4,85,-8,1,1,1,1
80,70,136,20,68,17,0,0,82,18,6,6,17,0,18,0,0,0,54,31,6,2,2,1
78,75,295,5,99,43,0,0,100,-7,7,8,48,3,40,0,1,1,3,-8,5,2,-8,0
89,84,385,5,79,22,0,0,96,26,6,6,30,3,57,8,0,0,6,93,3,5,0,0
-9,-9,-9,-9,-9,-9,-9,-9,-9,-9,-9,-9,-9,-9,-9,-9,-9,-9,-9,-9,-9,-9,-9,0
75,83,215,6,83,23,0,0,100,-7,7,8,23,2,61,1,2,2,13,-8,3,3,1,1
100,60,138,6,64,20,0,0,87,1,4,6,23,2,57,-7,1,1,75,39,5,3,1,1
20,87,215,14,63,20,0,0,96,31,6,6,25,0,32,0,1,1,0,-8,1,1,0,1
67,71,84,0,38,21,0,0,96,28,6,6,25,3,16,9,0,0,35,84,4,3,2,1
83,67,59,3,36,8,1,1,89,7,3,4,9,2,56,3,1,1,4,77,2,3,0,1
50,88,145,5,86,23,0,0,100,-7,7,8,24,1,54,0,1,1,6,96,2,2,0,0
-9,-9,-9,-9,-9,-9,-9,-9,-9,-9,-9,-9,-9,-9,-9,-9,-9,-9,-9,-9,-9,-9,-9,0
54,66,150,4,72,37,3,3,97,-7,0,7,41,4,32,0,3,3,4,58,4,3,0,0
71,74,184,3,79,23,0,0,91,69,6,6,23,2,30,3,3,3,24,29,3,2,1,0
44,83,426,10,142,36,0,0,100,-7,7,8,37,1,24,3,1,1,9,71,5,2,0,0
57,75,248,1,103,14,0,0,88,3,4,6,16,1,13,0,1,1,2,-8,3,1,1,1
38,88,175,13,89,12,0,0,100,-7,7,8,12,0,33,-8,0,0,0,42,1,2,0,0
64,67,121,2,29,15,1,1,94,30,6,2,12,7,24,-7,1,1,30,-8,6,1,1,1
60,76,94,2,36,8,0,0,100,-7,7,8,9,3,56,0,1,1,35,96,1,2,0,1
44,86,238,5,82,13,0,0,93,26,6,6,14,1,21,0,0,0,9,-8,3,1,0,0
53,71,386,2,86,30,1,0,97,10,3,5,33,2,24,0,0,0,24,60,5,5,1,0
67,87,177,1,58,10,0,0,100,-7,7,8,11,2,36,-7,0,0,2,100,2,2,0,0
75,70,373,4,101,23,0,0,96,7,4,6,25,4,52,0,5,5,49,100,2,1,0,1
70,78,168,4,68,18,0,0,100,-7,7,8,18,2,33,0,0,0,22,47,5,2,0,1
27,85,320,17,104,18,0,0,94,46,6,6,46,0,17,-8,0,0,3,75,1,2,0,0
63,85,165,1,73,10,0,0,100,-7,7,8,13,4,8,-8,0,0,11,-8,4,1,0,0
57,56,-8,10,43,7,1,0,38,0,3,5,0,1,25,-7,0,0,26,-8,2,1,0,1
100,63,63,2,27,3,0,0,75,21,6,6,4,1,50,0,1,1,21,-8,2,1,1,1
57,86,243,5,87,16,0,0,100,-7,7,8,16,4,44,0,1,1,9,100,2,2,0,0
50,76,258,3,90,40,2,1,91,74,6,4,35,9,23,6,0,0,28,-8,8,2,1,0
100,63,168,3,21,3,1,1,100,-7,7,8,9,1,67,-7,1,1,75,42,1,2,1,1
80,59,180,5,55,45,1,1,80,0,4,4,49,6,65,1,2,2,20,87,7,4,0,1
100,79,87,1,50,10,0,0,100,-7,7,8,11,1,82,3,1,1,-8,30,1,3,-8,1
-9,-9,-9,-9,-9,-9,-9,-9,-9,-9,-9,-9,-9,-9,-9,-9,-9,-9,-9,-9,-9,-9,-9,0
78,65,59,3,27,15,0,0,100,-7,7,8,17,5,41,0,0,0,75,99,5,2,2,1
100,60,198,1,92,12,3,2,81,21,6,2,16,3,69,0,6,6,93,92,2,2,-8,1
75,81,165,2,67,36,0,0,100,-7,7,8,33,4,22,9,0,0,7,33,6,3,0,0
-9,-9,-9,-9,-9,-9,-9,-9,-9,-9,-9,-9,-9,-9,-9,-9,-9,-9,-9,-9,-9,-9,-9,1
56,86,143,2,55,12,0,0,100,-7,7,8,13,2,23,0,1,1,8,-8,4,1,0,0
50,72,210,7,76,25,0,0,92,23,6,6,25,3,40,0,3,3,25,79,3,3,1,0
82,60,197,7,86,25,0,0,88,3,4,6,26,2,27,-7,1,1,82,-8,7,1,3,1
78,67,85,6,35,16,0,0,100,-7,7,8,16,4,19,0,2,2,78,96,5,2,3,0
55,81,307,24,96,26,0,0,100,-7,7,8,50,0,27,1,1,1,20,-8,5,1,1,0
57,63,103,5,37,29,1,0,90,3,4,5,31,3,37,6,0,0,32,95,8,5,0,1
60,64,216,2,86,18,5,1,60,42,6,4,25,2,36,0,4,3,40,58,1,4,1,0
80,43,137,2,46,5,5,3,55,3,3,2,11,3,55,0,3,3,94,88,2,2,2,0
33,72,242,13,87,43,0,0,98,18,6,6,59,0,26,0,2,1,13,81,4,2,2,1
50,70,137,32,87,18,0,0,95,4,4,6,21,0,15,-8,0,0,10,-8,2,1,0,0
-9,-9,-9,-9,-9,-9,-9,-9,-9,-9,-9,-9,-9,-9,-9,-9,-9,-9,-9,-9,-9,-9,-9,1
50,66,150,10,69,17,1,0,90,9,3,5,23,2,39,3,1,1,33,81,2,2,0,0
12,79,340,4,80,52,0,0,96,10,4,6,77,2,13,6,0,0,2,-8,2,1,0,1
67,61,183,5,68,2,1,0,67,10,3,5,3,1,33,-7,2,2,108,-8,1,1,1,1
89,65,369,25,145,40,3,3,91,19,6,2,45,0,36,0,2,2,83,46,13,4,6,1
40,73,199,15,68,33,0,0,100,-7,7,8,13,0,33,-7,0,0,26,88,3,3,2,0
14,87,324,37,104,16,0,0,100,-7,7,8,16,0,0,0,0,0,5,-8,2,-8,0,0
83,69,112,2,43,5,0,0,100,-7,7,8,7,2,43,-7,1,1,37,58,3,2,0,1
75,65,242,6,83,15,3,3,100,-7,6,8,9,4,19,0,2,2,37,-8,4,1,0,0
43,86,255,12,120,19,0,0,95,-8,6,6,26,0,40,-7,4,4,4,-8,3,-8,0,0
100,74,283,17,75,10,2,1,92,38,6,5,13,0,77,2,2,2,49,-8,3,-8,0,0
83,65,33,2,13,6,0,0,100,-7,7,8,7,3,43,-7,3,3,7,-8,2,2,0,1
30,82,169,9,64,27,0,0,100,-7,7,8,19,1,15,11,0,0,17,56,4,2,0,0
67,58,186,6,74,35,0,0,97,26,6,6,38,3,31,-7,0,0,60,73,10,4,4,0
42,79,169,6,70,44,0,0,100,-7,6,8,44,4,23,0,0,0,9,93,3,2,0,0
100,58,42,2,24,17,0,0,100,-7,7,8,18,2,50,0,7,7,90,74,5,5,1,1
62,83,177,6,77,40,1,0,98,49,6,5,41,3,54,0,1,1,19,70,3,5,0,0
100,57,32,3,14,11,0,0,100,-7,7,8,11,6,36,-7,0,0,73,89,6,3,2,1
89,58,247,2,62,30,0,0,94,1,4,6,32,4,34,9,0,0,62,70,5,2,2,1
38,81,216,0,84,25,0,0,100,-7,7,8,35,1,35,1,1,1,0,-8,1,4,0,1
50,79,267,12,80,29,1,1,97,78,6,4,30,0,47,0,0,0,5,83,2,3,0,1
80,78,103,8,49,17,0,0,100,-7,7,8,13,1,76,9,0,0,19,86,1,7,0,0
75,62,154,6,84,11,1,0,92,1,3,5,12,1,25,0,2,2,5,93,1,2,0,1
64,69,173,6,63,30,0,0,97,-8,6,6,31,3,42,0,0,0,36,-8,8,1,2,0
100,55,103,7,47,2,1,1,50,14,6,3,4,2,25,0,1,1,97,-8,2,1,2,0
92,67,256,4,67,23,0,0,96,5,4,6,23,4,39,0,0,0,9,79,7,4,3,0
80,70,259,3,47,21,0,0,100,-7,7,8,21,5,19,2,2,2,55,-8,1,3,1,0
-9,-9,-9,-9,-9,-9,-9,-9,-9,-9,-9,-9,-9,-9,-9,-9,-9,-9,-9,-9,-9,-9,-9,1
100,68,80,3,42,13,0,0,85,16,6,6,13,2,46,2,2,1,52,94,3,2,1,1
43,73,280,8,104,49,0,0,96,60,6,6,52,1,23,2,2,2,51,91,4,2,1,0
56,70,243,3,125,31,2,0,88,79,6,5,35,3,18,14,0,0,35,-8,8,1,1,1
-9,-9,-9,-9,-9,-9,-9,-9,-9,-9,-9,-9,-9,-9,-9,-9,-9,-9,-9,-9,-9,-9,-9,1
100,55,321,3,102,7,3,0,64,2,4,5,11,1,27,-8,0,0,87,100,3,2,2,1
73,66,310,3,67,55,0,0,100,-7,7,8,65,16,23,1,19,19,42,84,21,11,5,1
100,68,108,4,50,15,0,0,100,-7,7,8,18,3,44,4,4,4,66,60,6,2,3,1
67,59,68,7,33,17,0,0,100,-7,7,8,17,3,12,0,3,3,73,-8,8,1,5,1
47,82,233,13,119,37,0,0,100,-7,7,8,39,0,23,12,0,0,20,88,5,3,0,0
75,61,67,5,29,14,0,0,93,6,4,6,14,1,29,-7,1,1,73,86,1,2,1,0
100,81,174,31,101,8,0,0,100,-7,7,8,9,0,78,1,2,2,39,-8,1,1,0,0
100,72,265,16,154,13,2,1,81,26,5,4,16,0,56,0,1,1,41,83,4,2,0,1
95,65,163,10,66,46,0,0,96,-7,5,7,47,1,34,0,3,3,65,29,16,3,7,1
75,71,301,5,86,15,0,0,100,-7,7,8,15,1,47,0,2,2,75,49,5,4,3,1
-9,-9,-9,-9,-9,-9,-9,-9,-9,-9,-9,-9,-9,-9,-9,-9,-9,-9,-9,-9,-9,-9,-9,1
33,76,169,6,63,29,1,0,90,12,6,5,30,2,40,-7,0,0,0,27,1,3,0,0
50,92,474,57,258,8,0,0,100,-7,7,8,8,0,0,2,1,1,1,-8,3,-8,0,1
67,74,344,9,86,13,1,1,93,14,6,2,14,1,57,-7,1,1,0,31,1,3,0,1
60,66,233,7,82,8,1,1,78,4,2,4,9,2,22,0,0,0,0,-8,0,2,0,0
56,81,154,7,62,35,0,0,100,-7,6,7,36,2,17,-7,0,0,4,-8,8,2,0,1
92,57,121,7,65,18,0,0,73,0,4,6,22,1,14,-7,0,0,56,48,9,2,3,1
61,68,460,2,162,28,2,1,90,40,0,5,31,2,27,2,1,1,25,75,6,4,0,1
14,81,108,2,35,7,1,0,90,37,6,5,10,6,30,2,2,2,0,-8,0,-8,0,0
100,58,78,9,33,8,2,2,100,-7,6,8,9,2,44,0,1,1,87,49,2,4,1,1
60,59,90,4,55,52,0,0,98,3,4,6,22,3,33,0,2,2,15,51,9,6,2,1
75,78,174,2,98,18,0,0,95,-8,6,6,20,2,55,0,1,1,23,57,1,4,0,1
32,86,252,3,90,56,0,0,100,-7,7,8,29,3,11,-7,1,1,3,-8,7,1,0,0
91,60,316,3,84,19,1,0,80,5,4,5,22,3,45,0,1,1,85,82,6,4,2,1
-9,-9,-9,-9,-9,-9,-9,-9,-9,-9,-9,-9,-9,-9,-9,-9,-9,-9,-9,-9,-9,-9,-9,1
88,63,110,8,62,16,0,0,81,13,5,6,16,1,44,0,0,0,68,74,4,3,2,1
92,63,148,2,56,31,1,1,97,67,6,2,38,5,45,0,3,3,82,-8,9,2,6,1
75,69,127,7,64,31,0,0,97,12,5,6,32,3,28,0,8,8,74,69,7,2,3,1
67,61,215,14,120,16,0,0,89,4,4,6,18,0,39,0,2,2,45,-8,5,1,2,1
64,59,156,18,94,20,3,3,85,24,0,6,20,0,15,-7,3,3,63,-8,6,1,1,1
67,86,144,21,93,7,0,0,100,-7,7,8,7,0,29,-8,0,0,12,-8,2,-8,0,0
33,88,133,15,71,35,0,0,100,-7,7,8,37,0,51,0,2,2,8,49,1,2,0,1
40,89,272,22,126,16,0,0,100,-7,7,8,16,0,25,1,1,1,9,43,2,2,0,1
-9,-9,-9,-9,-9,-9,-9,-9,-9,-9,-9,-9,-9,-9,-9,-9,-9,-9,-9,-9,-9,-9,-9,0
88,68,293,2,65,15,2,2,100,-7,6,8,16,3,50,0,1,0,86,61,5,2,3,1
50,77,170,10,84,25,0,0,100,-7,7,8,26,1,12,-7,2,2,58,46,3,1,2,0
83,75,172,2,47,10,0,0,100,-7,7,8,11,5,18,0,1,1,32,-8,5,-8,1,1
57,70,281,14,101,36,0,0,100,-7,7,8,36,0,14,0,0,0,68,28,10,2,5,1
71,80,135,24,98,18,0,0,94,18,6,6,16,0,44,2,1,1,6,-8,4,1,0,0
67,66,176,4,86,34,2,1,89,3,0,5,33,2,14,3,1,1,16,33,11,3,0,0
92,67,166,17,65,14,0,0,100,-7,7,8,14,0,36,-7,1,1,66,58,7,4,3,1
55,77,140,25,68,15,0,0,94,42,6,6,16,0,31,0,0,0,4,75,2,2,0,0
45,75,74,6,46,17,0,0,100,-7,7,8,17,1,29,9,0,0,17,61,2,3,1,0
55,78,353,6,108,50,0,0,98,15,6,6,54,2,31,0,0,0,44,71,8,3,4,1
33,77,233,7,56,24,0,0,96,12,6,6,24,2,8,0,0,0,33,-8,2,1,0,1
71,78,97,13,51,14,0,0,93,45,6,6,14,0,21,-7,0,0,20,65,2,3,0,1
25,90,214,9,110,20,0,0,100,-7,7,8,22,2,9,-8,0,0,6,-8,2,-8,0,1
60,88,203,21,115,13,0,0,100,-7,7,8,13,0,23,0,0,0,0,37,1,2,0,0
86,78,56,2,32,8,0,0,100,-7,7,8,9,3,22,0,1,1,23,19,4,2,0,1
100,68,256,8,8,1,0,0,100,-7,7,8,30,1,100,0,4,4,-8,-8,-8,1,-8,1
69,61,83,2,40,22,0,0,96,1,4,6,23,4,26,3,1,1,50,-8,7,2,1,1
50,72,387,6,107,24,1,1,96,48,6,2,26,1,20,0,2,2,38,-8,6,1,2,1
50,63,307,2,85,35,0,0,95,22,6,6,38,3,24,0,3,3,38,-8,5,1,2,0
50,75,69,1,39,16,0,0,100,-7,7,8,18,4,17,0,2,2,21,-8,4,1,0,0
44,76,282,3,64,39,0,0,100,-7,7,8,40,3,28,-7,0,0,14,86,6,1,2,0
75,89,199,10,90,24,0,0,100,-7,7,8,26,1,62,18,0,0,5,33,2,4,1,0
25,86,357,6,88,20,0,0,100,-7,7,8,20,3,30,6,0,0,2,-8,2,1,0,1
43,90,121,25,87,8,0,0,100,-7,7,8,8,0,13,0,1,1,8,-8,2,1,0,1
88,81,442,152,245,10,0,0,100,-7,7,8,10,0,0,-8,0,0,41,-8,7,-8,1,0
29,86,232,2,109,23,0,0,100,-7,7,8,7,1,4,-8,0,0,4,-8,4,1,1,0
80,64,25,2,14,5,0,0,83,3,4,6,6,2,50,0,1,1,4,59,1,3,0,0
88,59,545,14,130,30,0,0,80,6,4,6,30,0,37,0,0,0,80,77,9,5,3,1
83,73,241,25,79,19,0,0,100,-7,7,8,20,0,35,-7,0,0,77,-8,3,2,3,0
40,86,229,4,94,25,0,0,100,-7,7,8,25,2,20,2,1,1,3,-8,2,-8,0,0
33,80,180,23,118,15,0,0,100,-7,7,8,27,0,7,10,0,0,42,-8,2,-8,1,1
78,64,111,3,35,15,2,2,100,-7,7,8,17,2,33,0,1,1,70,97,4,3,0,1
54,81,204,8,85,40,0,0,100,-7,7,8,43,1,35,0,3,3,9,85,5,2,0,1
46,65,304,1,89,39,1,1,93,1,4,6,40,2,8,0,1,1,18,76,11,2,0,1
41,86,289,18,91,38,0,0,100,-7,7,8,38,0,13,0,0,0,7,16,6,3,1,0
100,78,266,13,95,16,0,0,100,-7,7,8,16,0,56,0,2,2,51,90,4,2,1,1
47,87,182,3,83,20,0,0,100,-7,7,8,13,4,35,-7,0,0,5,54,5,2,0,1
80,66,204,8,69,11,1,0,83,10,4,5,12,2,75,0,0,0,0,92,0,3,0,1
67,56,107,18,60,14,0,0,71,3,4,6,17,0,24,0,0,0,49,91,4,2,4,1
73,72,113,18,55,25,0,0,96,-7,5,7,25,0,48,0,2,2,52,27,4,4,1,1
-9,-9,-9,-9,-9,-9,-9,-9,-9,-9,-9,-9,-9,-9,-9,-9,-9,-9,-9,-9,-9,-9,-9,0
26,81,191,2,117,40,0,0,100,-7,7,8,6,5,7,0,3,3,15,-8,6,-8,2,0
71,75,300,2,73,52,0,0,98,76,6,6,63,8,29,4,1,1,19,68,7,8,2,0
60,56,128,8,64,8,3,1,50,2,3,2,12,1,42,0,0,0,21,49,2,1,0,0
32,82,234,2,93,54,0,0,100,-7,7,8,43,4,22,2,2,2,5,31,5,1,1,0
43,86,347,6,109,26,0,0,100,-7,7,8,26,1,38,6,0,0,0,13,1,2,0,0
90,66,187,11,70,19,4,1,78,34,6,5,24,2,52,0,0,0,37,21,7,2,1,0
-8,54,27,9,19,8,1,1,100,-7,7,8,8,2,100,-7,2,1,-8,-8,-8,-8,-8,1
100,55,212,2,56,27,3,3,93,38,0,3,29,2,17,1,4,4,73,90,8,3,2,1
71,83,140,4,75,27,0,0,100,-7,7,8,29,4,52,0,3,2,12,100,2,3,0,0
50,72,55,6,30,12,0,0,100,-7,7,8,12,3,17,0,2,2,48,-8,3,1,1,1
56,72,216,2,79,23,1,1,85,40,6,2,27,4,41,0,0,0,47,-8,3,2,1,1
100,87,309,8,126,15,0,0,100,-7,7,8,17,2,53,0,0,0,7,83,3,3,-8,0
67,66,24,1,12,11,0,0,100,-7,7,8,12,5,17,0,0,0,42,100,3,1,3,1
50,73,235,3,89,29,0,0,100,-7,7,8,3,1,24,3,1,1,51,-8,4,-8,2,0
69,77,213,7,102,35,0,0,91,18,6,6,37,1,43,-7,0,0,4,53,4,4,0,0
100,67,14,14,14,2,0,0,100,-7,7,8,2,0,0,3,1,1,82,-8,2,-8,1,1
64,68,116,1,51,20,0,0,100,-7,7,8,21,2,24,0,2,2,50,-8,6,1,2,1
100,63,44,14,30,5,0,0,80,9,4,6,5,0,80,0,9,9,68,85,1,1,0,1
93,59,217,9,83,29,0,0,87,2,4,6,31,2,55,0,0,0,75,88,6,7,3,1
33,80,226,79,122,10,0,0,70,8,4,6,11,0,0,-7,0,0,1,-8,1,-8,0,0
67,62,116,9,70,15,6,4,65,23,6,2,20,1,25,-7,4,4,8,60,2,2,0,1
77,53,320,27,122,14,2,0,61,8,4,5,18,0,11,2,1,1,64,-8,8,1,3,1
91,64,139,3,40,23,0,0,100,-7,7,8,23,4,43,0,0,0,73,73,5,5,1,1
67,88,199,6,78,13,0,0,100,-7,7,8,14,1,14,-7,0,0,14,-8,2,-8,0,0
33,92,407,7,142,21,0,0,100,-7,7,8,21,1,48,-8,0,0,0,-8,1,2,0,0
69,75,128,2,82,26,0,0,96,18,6,6,30,2,57,1,2,2,16,41,1,8,1,0
80,71,236,11,96,22,0,0,100,-7,7,8,25,1,52,1,2,2,95,-8,3,1,2,1
71,65,37,5,20,16,0,0,100,-7,7,8,16,5,44,0,0,0,58,84,1,3,1,1
67,75,207,4,46,17,0,0,100,-7,7,8,17,4,24,0,4,3,62,66,6,2,0,1
46,77,510,14,174,25,2,2,100,-7,6,8,26,0,15,14,0,0,4,64,4,1,1,0
43,78,169,2,53,21,0,0,95,24,6,6,22,1,45,-7,0,0,0,78,2,1,0,1
100,62,137,5,81,9,4,4,62,34,6,4,13,1,38,0,1,1,46,-8,2,1,1,1
29,83,208,5,74,27,0,0,97,45,6,6,29,1,17,-7,1,1,3,89,3,1,0,0
100,58,184,7,66,39,9,2,85,22,0,5,57,3,44,0,3,3,95,78,5,4,3,1
62,88,363,6,106,22,0,0,100,-7,7,8,23,1,36,5,2,2,1,68,5,3,0,1
53,69,125,2,50,32,0,0,97,32,6,6,34,4,32,0,1,1,44,83,6,3,2,0
75,69,127,4,59,35,2,1,95,26,6,3,38,4,37,4,2,2,42,87,6,3,2,0
100,76,163,7,72,27,0,0,97,25,6,6,30,1,53,0,0,0,48,-8,3,2,0,0
100,65,69,53,63,2,2,2,67,28,6,2,3,0,67,0,6,6,4,-8,1,-8,0,1
-9,-9,-9,-9,-9,-9,-9,-9,-9,-9,-9,-9,-9,-9,-9,-9,-9,-9,-9,-9,-9,-9,-9,0
71,68,265,2,84,21,0,0,95,2,4,6,36,3,55,-7,2,2,27,100,3,2,1,1
100,68,255,13,120,16,0,0,100,-7,7,8,21,0,33,0,0,0,90,-8,6,1,3,0
86,68,185,22,97,36,1,0,95,64,6,5,39,0,49,-7,0,0,65,67,8,3,3,1
60,86,147,7,63,15,0,0,100,-7,7,8,15,1,47,-7,1,0,6,91,1,2,0,0
90,69,240,15,97,29,0,0,100,-7,7,8,29,0,10,-7,0,0,84,-8,6,1,4,0
80,73,72,4,30,13,0,0,100,-7,7,8,13,3,62,0,9,8,41,88,3,5,0,1
74,72,135,12,60,29,0,0,100,-7,7,8,29,0,7,11,0,0,47,-8,13,1,2,1
62,72,26,2,13,12,0,0,100,-7,7,8,14,6,43,2,3,2,20,89,3,5,0,1
75,67,134,6,17,8,0,0,100,-7,7,8,49,5,25,3,2,2,61,58,4,2,1,1
-9,-9,-9,-9,-9,-9,-9,-9,-9,-9,-9,-9,-9,-9,-9,-9,-9,-9,-9,-9,-9,-9,-9,0
36,81,213,8,119,30,3,3,94,35,6,3,34,1,41,0,1,0,4,21,2,2,0,0
73,63,120,7,65,18,1,1,100,-7,6,8,24,1,38,0,2,2,65,62,5,3,2,1
33,86,205,1,82,21,0,0,100,-7,7,8,22,2,41,1,2,2,1,-8,1,1,0,0
70,66,173,1,75,30,0,0,97,7,4,6,32,1,38,-7,1,0,43,100,6,1,1,1
83,78,164,10,82,15,0,0,100,-7,7,8,16,1,38,-8,0,0,56,69,3,2,0,0
82,55,222,15,93,18,0,0,67,1,4,6,21,0,19,0,0,0,105,72,11,3,3,1
13,81,-8,8,31,10,0,0,100,-7,7,8,11,2,18,0,1,1,0,-8,0,1,0,0
38,80,234,0,62,27,0,0,100,-7,7,8,35,4,26,0,3,3,22,-8,4,1,2,0
50,82,139,9,59,17,0,0,100,-7,7,8,17,1,35,-8,0,0,0,-8,1,1,-8,0
38,81,163,19,92,16,0,0,100,-7,7,8,16,0,50,0,0,0,16,58,1,2,0,0
60,87,430,35,154,14,0,0,100,-7,7,8,14,0,21,-8,0,0,10,-8,2,1,0,0
72,75,499,2,88,33,0,0,100,-7,7,8,36,4,53,1,4,4,29,80,7,6,2,0
82,58,136,13,150,14,1,0,71,1,3,5,13,0,12,12,0,0,47,-8,8,1,3,1
43,84,427,20,118,15,0,0,100,-7,7,8,17,0,12,0,0,0,19,-8,3,-8,0,0
60,71,100,3,44,11,0,0,77,3,4,6,13,3,54,-7,2,2,2,50,1,2,-8,1
88,70,43,4,21,11,0,0,100,-7,7,8,13,4,38,0,3,3,64,98,4,3,1,1
75,73,133,0,58,2,1,1,100,-7,6,7,3,4,20,-7,9,9,18,-8,3,-8,0,1
20,83,302,9,76,16,0,0,100,-7,7,8,16,1,25,3,1,1,11,-8,1,1,0,0
64,77,278,0,73,15,0,0,94,38,6,6,16,2,31,0,0,0,22,-8,6,1,2,1
77,48,155,26,79,32,10,10,82,1,0,2,40,0,29,0,2,2,88,86,7,10,3,1
92,65,212,8,60,19,0,0,96,4,4,6,25,4,60,0,0,0,77,71,5,6,2,1
78,78,272,4,90,14,0,0,100,-7,7,8,25,2,29,-7,0,0,32,-8,6,1,2,1
81,71,417,17,123,28,1,0,72,9,4,5,25,0,23,-8,0,0,13,-8,12,1,0,0
50,83,440,24,190,10,0,0,100,-7,7,8,10,0,20,23,0,0,33,42,2,2,1,0
40,89,320,26,139,9,0,0,100,-7,7,8,9,0,11,1,1,1,1,-8,2,-8,0,0
-9,-9,-9,-9,-9,-9,-9,-9,-9,-9,-9,-9,-9,-9,-9,-9,-9,-9,-9,-9,-9,-9,-9,0
79,66,346,5,90,30,1,0,94,24,6,2,31,5,26,0,3,3,65,86,7,3,6,1
31,75,200,6,66,40,0,0,98,26,6,6,40,1,45,0,1,1,27,74,1,3,1,0
56,75,378,3,93,29,3,1,84,14,6,4,32,4,33,2,1,1,4,59,5,5,0,0
50,82,271,2,79,25,0,0,100,-7,7,8,33,3,31,2,1,1,2,74,4,2,0,0
44,62,352,9,114,31,0,0,88,0,4,6,33,2,24,0,1,1,50,17,6,1,1,1
38,66,168,1,93,21,1,0,79,6,3,5,24,1,8,-7,2,2,26,-8,5,1,0,1
85,70,62,1,31,24,0,0,100,-7,7,8,28,6,29,-7,12,12,34,88,3,8,1,1
40,92,428,6,156,10,0,0,100,-7,7,8,11,1,9,-8,0,0,0,-8,1,1,0,0
80,62,250,2,91,15,2,2,72,7,4,2,33,1,44,-7,0,0,62,-8,3,1,1,1
88,60,159,6,69,15,0,0,73,2,4,6,22,1,33,13,0,0,62,42,4,3,2,1
69,65,75,10,32,16,0,0,88,2,4,6,16,2,25,4,2,2,37,83,7,2,0,1
70,88,331,3,113,20,0,0,100,-7,7,8,28,1,24,7,0,0,10,-8,4,3,0,0
82,59,282,12,74,24,0,0,92,2,4,6,25,0,32,0,0,0,74,97,6,3,2,1
50,89,190,17,88,21,0,0,100,-7,7,8,21,0,19,0,1,1,14,-8,3,1,0,0
-9,-9,-9,-9,-9,-9,-9,-9,-9,-9,-9,-9,-9,-9,-9,-9,-9,-9,-9,-9,-9,-9,-9,0
33,74,99,2,47,15,0,0,81,17,6,6,16,2,50,-7,0,0,0,75,0,2,0,0
59,65,176,1,19,18,0,0,100,-7,7,8,37,7,10,-7,4,4,38,100,8,2,2,1
50,84,169,34,95,17,0,0,100,-7,7,8,17,0,35,0,1,1,31,-8,2,1,0,0
67,86,-8,7,145,12,0,0,100,-7,7,8,0,2,25,7,0,0,11,35,4,2,0,0
64,69,369,12,132,20,0,0,80,2,4,6,20,0,15,0,0,0,23,31,7,2,0,0
67,91,359,62,188,11,0,0,100,-7,7,8,11,0,18,-7,0,0,5,-8,3,1,0,0
57,58,29,1,13,13,0,0,100,-7,7,8,15,8,0,0,12,12,27,-8,8,-8,3,1
75,88,138,2,71,21,0,0,100,-7,7,8,24,3,33,-7,0,0,4,-8,2,1,0,1
50,55,316,8,119,22,1,0,78,1,4,5,23,1,26,-8,0,0,29,-8,4,2,1,0
43,77,165,12,75,20,0,0,95,-8,6,6,20,0,20,0,0,0,41,44,4,2,1,0
43,78,246,17,109,15,0,0,100,-7,7,8,15,0,40,0,0,0,71,-8,2,1,2,1
100,63,154,20,85,21,2,2,92,7,4,6,25,0,21,1,3,3,92,-8,3,1,1,1
60,84,133,1,77,28,0,0,100,-7,6,7,32,3,38,-7,2,2,32,76,1,2,0,0
55,55,312,3,72,24,3,1,78,1,3,3,27,6,22,-7,1,1,18,71,10,2,1,0
54,68,184,10,89,25,0,0,96,62,6,6,27,1,27,-7,12,12,24,84,4,3,2,0
65,62,354,1,45,23,0,0,100,-7,7,8,29,9,21,1,5,5,48,94,10,3,2,1
100,85,176,3,95,12,0,0,100,-7,7,8,14,1,21,0,0,0,26,-8,3,-8,0,0
-9,-9,-9,-9,-9,-9,-9,-9,-9,-9,-9,-9,-9,-9,-9,-9,-9,-9,-9,-9,-9,-9,-9,0
71,69,193,12,167,36,0,0,100,-7,7,8,8,0,6,-8,0,0,85,-8,16,-8,13,1
85,70,185,11,75,36,0,0,97,72,6,6,37,1,41,1,3,3,67,60,12,5,5,1
89,67,117,7,48,16,1,1,90,56,6,2,21,2,48,0,1,1,53,78,4,4,3,1
100,55,201,40,114,19,6,2,63,4,3,5,24,0,42,-7,0,0,50,-8,6,2,1,1
33,72,135,10,67,25,1,1,92,29,6,2,32,2,31,-7,1,1,5,-8,2,1,0,0
56,79,75,2,37,15,0,0,100,-7,7,8,16,3,44,1,1,1,20,83,2,3,0,0
47,66,176,11,81,43,0,0,98,3,4,6,44,1,39,0,2,2,36,64,3,4,1,1
94,57,311,7,121,30,0,0,87,11,6,6,31,2,26,10,0,0,70,78,12,3,0,0
100,72,156,8,61,21,0,0,95,-8,6,6,21,2,52,-7,1,1,67,-8,7,-8,2,1
75,62,265,22,68,7,0,0,71,3,4,6,14,0,29,-7,0,0,79,-8,2,1,1,1
100,66,203,32,109,8,0,0,60,1,4,6,10,0,10,-8,0,0,34,-8,3,1,1,0
75,59,195,5,51,17,2,2,84,5,1,2,19,3,53,0,1,1,32,83,2,2,2,1
67,62,188,7,96,23,5,3,74,12,6,2,12,1,35,-7,2,2,23,40,4,4,0,0
89,69,476,8,157,38,4,4,100,-7,6,8,39,1,36,0,4,4,50,54,14,2,4,1
33,75,206,4,65,15,2,2,88,78,5,2,17,1,53,-7,1,1,0,-8,0,1,0,1
67,61,169,41,82,10,1,0,64,1,4,5,11,0,18,0,0,0,85,-8,1,1,1,1
100,72,148,4,38,15,0,0,100,-7,7,8,15,3,33,0,4,4,16,96,4,2,1,0
80,66,464,2,73,23,0,0,96,15,6,6,26,2,31,0,2,2,79,36,6,2,3,1
50,82,200,9,64,20,0,0,100,-7,7,8,20,1,5,-7,2,2,10,-8,5,-8,0,0
0,61,58,15,41,2,4,4,100,-7,0,8,7,0,67,0,0,0,0,-8,0,-8,-8,1
57,55,88,4,43,9,1,0,82,2,3,5,12,2,27,-7,1,1,22,-8,3,1,0,1
20,91,296,24,127,9,0,0,100,-7,7,8,9,0,22,-8,0,0,0,-8,0,-8,0,1
57,66,147,8,79,19,1,1,84,23,6,6,20,1,63,0,2,2,35,17,1,3,1,1
78,49,198,6,95,12,5,2,55,1,4,4,20,2,35,0,2,2,60,-8,6,1,1,1
33,75,415,20,75,22,1,1,83,9,4,4,23,0,22,0,3,3,2,23,2,1,0,1
-9,-9,-9,-9,-9,-9,-9,-9,-9,-9,-9,-9,-9,-9,-9,-9,-9,-9,-9,-9,-9,-9,-9,1
76,68,164,3,59,40,1,1,93,17,6,4,43,5,47,0,1,1,24,78,7,12,1,1
-9,-9,-9,-9,-9,-9,-9,-9,-9,-9,-9,-9,-9,-9,-9,-9,-9,-9,-9,-9,-9,-9,-9,1
93,57,81,6,41,22,0,0,95,12,5,6,22,3,59,-7,1,1,100,61,7,6,5,1
63,74,191,4,66,37,0,0,97,13,6,6,26,1,57,-7,0,0,33,83,4,6,0,0
33,90,260,2,74,27,0,0,100,-7,7,8,34,3,20,13,1,0,1,92,1,3,0,0
89,68,132,2,60,19,1,1,100,-7,6,8,20,2,35,0,2,2,43,95,6,2,0,1
86,68,122,13,63,20,0,0,91,2,4,6,23,0,65,0,1,1,0,49,0,6,-8,1
71,72,419,1,22,6,0,0,100,-7,7,8,12,3,29,9,1,0,37,58,3,2,0,1
83,68,350,14,88,10,4,3,92,79,0,5,13,0,42,0,3,3,29,-8,4,1,0,1
36,70,366,9,163,17,2,2,74,1,0,2,19,2,11,2,1,1,6,-8,2,1,1,1
63,80,215,3,85,18,0,0,100,-7,7,8,11,2,50,2,1,1,28,96,3,2,0,0
38,66,203,2,64,21,1,0,83,4,4,5,23,2,26,2,1,1,14,-8,3,2,0,0
70,88,474,2,153,23,0,0,100,-7,7,8,26,2,54,0,1,1,2,65,3,4,0,0
100,63,176,3,69,10,9,9,77,12,6,2,20,1,46,0,2,1,89,-8,3,1,1,1
83,62,159,6,67,14,0,0,86,3,4,6,18,3,36,0,2,2,71,93,2,3,1,1
50,81,243,1,89,41,0,0,100,-7,7,8,44,9,27,0,7,6,1,39,7,4,0,0
44,77,147,3,65,15,0,0,93,30,6,6,15,2,33,0,3,3,21,37,2,2,0,1
67,85,377,3,121,45,0,0,100,-7,7,8,46,2,46,0,0,0,20,83,6,2,0,0
71,61,93,1,41,29,0,0,100,-7,7,8,31,4,20,1,9,8,39,56,10,2,3,1
46,69,271,1,81,36,1,0,97,12,6,5,39,2,26,0,6,6,35,94,4,2,1,1
57,68,113,9,45,33,0,0,100,-7,7,8,34,3,9,0,0,0,34,71,10,2,2,1
83,76,178,1,73,6,0,0,100,-7,7,8,11,1,38,-7,3,3,98,-8,3,2,1,1
60,79,142,2,70,30,0,0,100,-7,7,8,32,2,39,2,1,1,6,84,2,10,0,0
82,65,65,6,31,18,0,0,100,-7,7,8,18,4,22,6,0,0,43,83,6,3,2,0
100,65,90,7,37,12,2,2,92,51,6,4,14,4,38,0,3,3,82,95,4,4,2,1
71,61,215,28,105,18,4,2,68,11,4,4,25,0,44,2,2,2,34,89,2,2,0,1
50,83,187,3,80,29,0,0,100,-7,7,8,30,1,33,12,1,1,13,-8,3,1,2,0
75,57,179,12,70,13,2,1,75,0,3,4,16,0,44,0,0,0,19,87,4,2,0,0
89,65,287,16,82,31,4,2,85,45,6,5,34,0,62,3,1,1,84,72,2,5,2,0
86,57,331,29,181,11,0,0,75,4,4,6,12,0,25,-7,3,3,77,60,4,2,3,1
57,66,197,10,73,28,0,0,90,5,4,6,29,2,24,0,1,1,12,-8,7,1,1,0
57,80,355,1,80,23,0,0,100,-7,7,8,27,5,23,1,5,5,8,98,4,4,1,0
50,79,214,2,64,28,0,0,94,68,6,6,32,2,16,3,1,1,45,-8,1,1,1,0
-9,-9,-9,-9,-9,-9,-9,-9,-9,-9,-9,-9,-9,-9,-9,-9,-9,-9,-9,-9,-9,-9,-9,0
70,66,216,4,89,27,0,0,100,-7,7,8,27,1,41,-7,5,5,78,69,5,2,3,1
86,85,239,23,85,11,0,0,100,-7,7,8,11,0,45,0,2,1,5,15,3,3,0,0
71,79,138,16,71,19,0,0,95,-8,6,6,19,0,42,0,0,0,17,92,2,3,1,1
56,63,-8,2,51,11,2,2,88,1,0,2,16,4,50,-7,3,3,12,87,1,4,0,1
78,81,137,9,66,34,0,0,100,-7,7,8,34,1,62,0,1,1,24,92,3,4,0,1
50,78,245,12,17,4,0,0,100,-7,7,8,11,0,50,15,0,0,0,72,0,2,0,1
76,83,262,19,135,36,0,0,100,-7,7,8,37,0,27,19,0,0,38,47,11,2,1,1
75,77,221,17,93,46,0,0,100,-7,7,8,51,0,36,17,0,0,41,-8,8,1,2,1
50,83,302,10,99,28,0,0,100,-7,7,8,28,1,18,-7,0,0,12,79,3,2,1,0
56,90,-8,1,119,19,0,0,95,-7,5,7,0,1,19,-8,0,0,7,24,3,2,0,0
100,62,171,15,64,3,1,1,60,29,6,4,5,0,60,4,1,1,113,-8,1,1,-8,1
71,71,200,3,83,20,0,0,95,16,6,6,20,1,25,-7,0,0,53,62,7,3,1,1
82,70,202,14,85,49,0,0,96,21,6,6,31,0,38,0,4,4,61,75,6,3,1,0
82,66,167,11,63,42,0,0,100,-7,7,8,42,1,55,-7,0,0,67,76,6,3,2,0
100,70,67,10,25,4,0,0,100,-7,7,8,4,3,75,0,0,0,98,101,1,2,1,1
90,58,29,2,18,10,0,0,91,13,6,6,11,2,45,0,10,10,55,78,5,4,1,1
33,87,408,6,124,24,0,0,100,-7,7,8,24,1,17,-8,0,0,0,94,1,2,0,0
80,85,156,4,66,27,0,0,100,-7,7,8,28,2,39,13,0,0,2,88,4,3,1,0
67,56,165,1,71,1,6,5,75,34,6,5,9,2,50,0,3,3,0,-8,0,1,0,1
-9,-9,-9,-9,-9,-9,-9,-9,-9,-9,-9,-9,-9,-9,-9,-9,-9,-9,-9,-9,-9,-9,-9,1
25,69,282,0,117,8,1,1,91,21,6,6,11,1,18,0,1,1,0,-8,1,-8,0,0
41,81,328,1,85,27,0,0,100,-7,7,8,25,4,18,-7,0,0,12,101,5,2,0,0
83,70,150,11,83,31,0,0,97,-8,6,6,31,1,77,-7,0,0,79,53,2,3,2,1
56,80,214,8,74,17,0,0,100,-7,7,8,28,1,35,0,1,1,31,83,3,2,1,0
62,79,264,11,110,17,0,0,100,-7,7,8,17,1,12,0,1,1,27,-8,7,1,1,1
100,62,123,4,51,13,2,0,80,10,3,5,16,2,40,7,0,0,97,93,2,4,2,1
65,62,398,3,133,33,0,0,88,37,6,6,34,2,44,0,3,3,56,89,8,3,4,1
100,78,134,15,44,7,0,0,100,-7,7,8,7,0,57,-7,0,0,-8,-8,-8,1,-8,0
50,71,224,18,92,18,0,0,79,42,6,6,20,0,25,7,0,0,61,91,4,1,4,0
19,75,204,17,86,28,1,1,100,-7,0,8,46,0,10,14,0,0,1,49,2,1,0,0
-9,-9,-9,-9,-9,-9,-9,-9,-9,-9,-9,-9,-9,-9,-9,-9,-9,-9,-9,-9,-9,-9,-9,0
80,68,156,2,65,25,0,0,97,18,6,6,29,2,21,0,0,0,80,-8,3,1,1,0
-9,-9,-9,-9,-9,-9,-9,-9,-9,-9,-9,-9,-9,-9,-9,-9,-9,-9,-9,-9,-9,-9,-9,1
62,75,355,12,111,21,1,1,87,46,6,3,7,0,39,-7,2,2,50,64,5,3,2,1
87,68,-8,3,80,32,0,0,97,21,6,6,0,4,16,1,2,2,32,-8,11,1,2,1
100,56,143,11,71,28,0,0,87,4,4,6,22,1,50,2,2,2,84,61,5,4,1,0
-9,-9,-9,-9,-9,-9,-9,-9,-9,-9,-9,-9,-9,-9,-9,-9,-9,-9,-9,-9,-9,-9,-9,1
100,74,210,4,80,10,0,0,100,-7,7,8,10,1,40,-7,6,4,87,72,4,3,3,1
67,65,267,0,101,5,1,1,100,-7,7,8,8,3,57,0,2,2,0,92,0,2,-8,1
29,87,57,18,215,12,0,0,100,-7,7,8,2,0,25,-8,0,0,0,73,1,1,0,0
45,70,166,14,82,26,1,0,79,17,6,5,28,0,29,1,1,1,42,87,7,2,0,1
71,60,263,1,108,26,2,1,83,3,4,2,23,2,23,0,2,1,49,95,11,1,2,1
71,62,192,1,68,62,0,0,94,1,4,6,87,4,44,0,7,7,35,-8,7,5,1,1
58,83,146,9,82,26,0,0,100,-7,7,8,26,1,19,20,0,0,21,70,4,2,0,0
78,62,166,1,54,38,2,2,95,-8,6,3,44,4,32,1,3,3,80,93,5,2,3,1
62,70,245,9,72,16,0,0,83,38,6,6,18,2,39,0,3,3,32,56,3,5,0,1
67,77,167,24,110,23,0,0,100,-7,7,8,26,0,31,15,0,0,51,-8,4,-8,1,0
50,54,132,31,52,14,2,0,74,4,4,5,19,0,47,0,1,1,21,47,2,1,0,1
33,86,199,1,83,17,0,0,100,-7,7,8,19,3,37,0,2,2,1,21,1,3,1,0
100,69,141,5,115,8,1,1,90,31,6,4,26,1,80,5,0,0,77,75,1,2,1,1
67,62,137,23,90,13,0,0,71,7,4,6,14,0,7,0,1,1,44,-8,4,-8,3,1
40,69,231,21,123,7,4,4,67,6,1,2,12,0,17,-8,0,0,0,-8,1,1,0,1
71,81,409,17,217,25,0,0,88,47,6,6,9,0,28,-8,0,0,11,59,9,3,0,0
90,67,176,5,79,22,2,0,83,61,6,5,24,4,21,0,0,0,61,95,7,2,2,1
67,55,378,15,103,22,2,2,75,1,0,2,26,0,29,-7,3,2,40,73,5,3,1,1
75,56,255,4,101,27,0,0,76,1,4,6,29,2,45,0,2,2,78,45,7,2,4,1
50,80,61,8,37,8,0,0,100,-7,7,8,8,1,13,1,2,2,0,-8,1,-8,0,1
60,77,390,6,103,30,0,0,100,-7,6,7,30,3,43,0,1,1,45,79,3,3,1,0
-9,-9,-9,-9,-9,-9,-9,-9,-9,-9,-9,-9,-9,-9,-9,-9,-9,-9,-9,-9,-9,-9,-9,1
88,82,129,5,58,13,0,0,100,-7,7,8,14,3,57,0,1,1,32,75,3,4,-8,1
50,69,215,11,69,24,1,1,96,26,6,2,28,1,21,0,1,1,38,72,1,2,1,1
60,79,306,2,89,19,0,0,95,15,6,6,21,2,24,1,1,1,12,-8,5,1,0,0
33,85,127,9,58,22,0,0,100,-7,7,8,22,2,50,0,0,0,2,-8,1,1,0,0
80,69,234,7,104,13,1,1,100,-7,7,8,13,1,38,-7,0,0,44,-8,3,1,1,0
63,68,343,13,127,13,1,1,100,-7,6,8,13,0,15,2,3,3,61,-8,4,-8,3,0
25,84,285,20,84,14,0,0,100,-7,7,8,14,0,14,20,0,0,32,-8,1,1,0,0
80,81,339,3,108,23,0,0,100,-7,7,8,24,2,46,0,0,0,33,63,4,4,1,0
44,67,267,15,70,36,0,0,100,-7,7,8,36,0,36,0,5,5,50,-8,6,1,3,0
58,71,310,1,123,21,0,0,96,71,6,6,23,3,26,0,3,3,73,70,5,2,1,0
73,60,349,1,74,16,1,1,95,4,2,4,19,4,58,0,3,3,59,29,5,3,1,0
73,71,141,3,45,40,1,0,98,20,6,5,41,8,61,-8,0,0,33,121,2,14,1,0
78,63,173,11,89,36,0,0,97,49,6,6,36,1,3,0,1,1,86,-8,13,1,11,1
38,80,307,3,154,16,0,0,94,4,4,6,16,2,25,0,2,2,2,-8,3,-8,0,0
0,88,135,67,85,4,0,0,100,-7,7,8,4,0,50,0,1,1,0,-8,0,-8,0,0
42,57,154,6,68,24,2,1,71,8,4,4,28,3,14,0,1,1,38,30,6,1,0,1
43,57,146,38,95,9,7,5,28,15,5,2,6,0,33,1,7,7,29,-8,2,1,1,1
100,58,372,45,178,5,8,7,29,4,4,2,14,0,43,-7,1,1,55,-8,1,3,0,1
100,76,107,30,57,5,0,0,83,14,6,6,6,0,50,0,0,0,30,-8,1,2,0,1
75,63,239,8,87,17,3,2,94,36,5,5,18,3,39,-7,0,0,61,87,3,3,1,1
75,67,294,12,126,16,2,2,84,21,6,3,13,0,58,1,1,1,46,50,1,2,1,0
50,89,212,4,107,21,0,0,100,-7,7,8,2,1,14,-8,0,0,6,71,2,2,0,0
80,69,257,2,111,10,2,0,71,0,4,5,14,1,43,-7,1,1,51,-8,3,1,0,1
83,64,264,3,86,10,1,1,79,14,6,3,14,1,36,0,1,1,79,-8,4,1,1,1
50,86,318,18,90,13,0,0,100,-7,7,8,13,0,62,0,0,0,0,44,0,2,-8,0
-9,-9,-9,-9,-9,-9,-9,-9,-9,-9,-9,-9,-9,-9,-9,-9,-9,-9,-9,-9,-9,-9,-9,0
100,66,248,2,61,11,1,1,85,9,4,4,13,3,69,0,1,1,95,69,1,2,1,1
47,62,161,1,60,16,1,0,79,4,4,5,19,5,16,0,1,1,20,25,4,2,0,0
83,70,112,7,51,27,1,0,96,79,5,5,28,3,36,0,0,0,49,85,7,3,2,1
33,71,266,2,62,21,0,0,91,5,4,6,22,3,23,-7,0,0,17,97,2,2,0,0
29,80,138,4,61,18,0,0,94,39,6,6,18,2,11,17,1,0,0,-8,2,-8,1,0
40,91,310,9,145,16,0,0,100,-7,7,8,19,1,53,14,0,0,5,-8,1,1,0,0
60,73,214,16,97,27,0,0,96,46,6,6,17,0,18,0,4,4,35,77,6,2,1,1
80,89,225,3,81,11,0,0,100,-7,7,8,12,2,73,1,3,3,6,91,1,3,0,0
89,62,184,2,65,24,3,2,82,73,6,2,28,6,50,-7,2,2,64,94,6,2,1,1
75,85,267,18,72,8,0,0,100,-7,7,8,8,0,25,17,0,0,17,62,2,1,0,0
50,88,229,20,102,22,0,0,100,-7,7,8,22,0,27,0,0,0,5,-8,2,1,0,1
