age,juv_crime,prior=0,prior=1,prior2-3,prior>3,two_year_recid
69,0,1,0,0,0,0
34,0,1,0,0,0,1
24,1,0,0,0,1,1
23,1,0,1,0,0,0
43,0,0,0,1,0,0
44,0,1,0,0,0,0
41,0,0,0,0,1,1
43,0,0,0,1,0,0
39,0,1,0,0,0,0
21,0,0,1,0,0,1
27,0,1,0,0,0,0
23,0,0,0,1,0,1
37,0,1,0,0,0,0
41,0,1,0,0,0,0
47,0,0,1,0,0,1
31,0,0,0,0,1,1
37,0,1,0,0,0,0
25,0,0,0,1,0,0
31,0,0,0,0,1,1
31,0,0,0,0,1,1
64,0,0,0,0,1,1
21,0,0,1,0,0,1
27,0,1,0,0,0,1
21,0,1,0,0,0,0
24,0,0,1,0,0,1
43,0,0,1,0,0,0
32,0,1,0,0,0,0
27,0,0,0,0,1,1
36,0,0,0,1,0,0
26,1,0,0,0,1,1
33,0,1,0,0,0,1
30,0,0,0,0,1,1
32,0,0,0,0,1,1
55,0,1,0,0,0,0
49,0,0,0,0,1,1
26,2,0,0,0,1,0
33,0,0,0,0,1,1
24,0,0,1,0,0,1
34,6,0,0,0,1,1
29,0,1,0,0,0,0
21,0,0,0,1,0,0
51,0,0,0,1,0,0
29,0,0,0,1,0,1
51,0,0,0,0,1,0
29,0,1,0,0,0,1
25,0,0,0,0,1,1
35,5,0,0,0,1,1
49,0,1,0,0,0,0
34,0,0,0,0,1,1
29,0,1,0,0,0,0
29,0,0,1,0,0,1
28,0,1,0,0,0,0
48,0,0,0,0,1,1
63,0,0,1,0,0,0
31,1,0,0,0,1,0
24,0,0,0,1,0,1
30,0,1,0,0,0,0
49,0,0,0,0,1,0
53,0,0,0,0,1,0
35,0,0,0,0,1,0
63,0,0,0,0,1,1
27,4,0,0,0,1,1
38,0,0,0,0,1,1
22,1,0,1,0,0,1
22,3,0,0,1,0,1
29,0,0,0,0,1,1
62,0,1,0,0,0,0
27,1,0,0,0,1,1
33,0,1,0,0,0,0
56,0,1,0,0,0,0
45,0,0,0,0,1,1
22,0,0,1,0,0,0
39,0,0,1,0,0,0
29,0,0,0,0,1,1
27,1,0,1,0,0,1
40,0,0,0,1,0,0
22,0,0,1,0,0,1
22,0,1,0,0,0,0
26,0,0,1,0,0,1
27,0,0,1,0,0,1
32,0,1,0,0,0,0
41,0,0,1,0,0,0
30,0,0,0,0,1,1
50,0,1,0,0,0,1
25,8,0,0,0,1,1
20,0,1,0,0,0,1
22,1,0,0,1,0,1
23,1,0,0,1,0,1
35,0,0,1,0,0,0
36,0,0,0,0,1,1
26,0,0,0,0,1,1
21,0,0,1,0,0,1
25,0,0,0,0,1,1
71,0,0,0,0,1,0
20,0,1,0,0,0,0
39,0,0,0,1,0,1
66,0,0,0,1,0,0
54,0,1,0,0,0,0
44,0,1,0,0,0,0
19,0,0,1,0,0,1
24,0,0,1,0,0,0
30,0,0,1,0,0,0
39,0,1,0,0,0,1
24,3,0,0,0,1,1
30,0,1,0,0,0,0
31,0,1,0,0,0,0
39,0,0,1,0,0,0
59,0,0,0,0,1,1
43,0,0,1,0,0,0
21,0,0,0,1,0,1
38,0,0,0,0,1,1
34,0,1,0,0,0,0
33,0,0,0,0,1,1
37,0,0,0,1,0,0
42,0,0,1,0,0,1
41,1,0,0,0,1,1
22,0,1,0,0,0,1
33,14,0,0,0,1,1
31,0,0,1,0,0,0
30,0,0,1,0,0,0
31,0,0,0,0,1,1
27,0,0,0,1,0,1
56,0,0,0,0,1,0
52,0,0,0,1,0,0
33,0,0,0,0,1,1
64,0,0,0,1,0,0
22,0,0,0,0,1,1
42,0,0,0,0,1,0
25,0,0,0,1,0,0
30,0,0,1,0,0,0
28,0,0,0,1,0,0
37,0,0,0,1,0,0
28,0,1,0,0,0,1
24,0,1,0,0,0,0
29,1,0,0,0,1,1
44,0,0,0,1,0,1
30,0,0,0,0,1,1
32,0,0,0,1,0,1
31,0,0,0,1,0,1
31,0,0,1,0,0,0
59,0,0,1,0,0,1
45,0,0,0,0,1,0
20,1,0,1,0,0,0
43,0,1,0,0,0,0
38,2,0,0,0,1,1
32,0,0,0,0,1,1
33,0,0,0,0,1,1
31,0,1,0,0,0,1
33,0,0,0,0,1,1
27,0,0,0,1,0,1
20,0,1,0,0,0,0
26,0,1,0,0,0,0
61,0,0,1,0,0,1
52,0,0,0,0,1,1
63,0,0,1,0,0,0
32,0,0,0,0,1,1
29,0,0,1,0,0,0
46,0,0,1,0,0,0
26,0,0,0,1,0,1
55,0,0,0,1,0,0
39,1,0,1,0,0,0
30,0,0,0,1,0,1
30,0,0,1,0,0,0
48,0,0,0,1,0,0
22,0,0,1,0,0,0
46,0,0,0,0,1,1
49,0,0,0,0,1,0
31,0,1,0,0,0,0
25,0,0,1,0,0,1
23,0,1,0,0,0,0
32,0,0,0,0,1,0
52,0,0,0,1,0,0
62,0,0,0,0,1,0
37,0,0,0,0,1,0
55,0,0,1,0,0,0
31,0,0,0,0,1,1
28,0,0,0,0,1,1
54,0,0,0,1,0,0
58,0,1,0,0,0,0
78,0,0,1,0,0,1
56,0,1,0,0,0,0
24,0,1,0,0,0,0
38,5,0,0,0,1,1
22,0,0,1,0,0,1
47,0,0,0,0,1,1
23,0,1,0,0,0,1
57,0,0,1,0,0,0
38,0,0,0,1,0,1
66,0,0,0,1,0,0
45,0,0,0,0,1,1
52,0,1,0,0,0,1
32,0,0,0,0,1,1
37,0,0,0,1,0,1
39,0,1,0,0,0,1
26,0,0,0,0,1,1
45,0,0,0,1,0,0
23,0,1,0,0,0,1
34,0,0,0,1,0,0
23,0,0,1,0,0,0
36,0,0,0,1,0,1
50,0,0,1,0,0,0
37,0,1,0,0,0,0
44,0,0,0,0,1,0
35,1,0,0,0,1,1
24,0,0,0,0,1,1
26,0,0,0,1,0,1
27,0,1,0,0,0,0
28,0,1,0,0,0,0
43,0,0,0,0,1,1
28,0,0,0,0,1,1
38,0,0,0,1,0,0
27,0,0,0,1,0,0
28,0,0,1,0,0,0
56,0,0,0,0,1,1
38,0,0,0,0,1,0
28,0,0,0,1,0,0
45,0,0,0,1,0,0
28,0,1,0,0,0,0
61,0,0,1,0,0,0
51,0,1,0,0,0,1
51,0,1,0,0,0,0
36,0,0,1,0,0,1
48,0,1,0,0,0,0
37,0,0,0,0,1,1
30,0,0,0,1,0,0
41,0,0,0,0,1,0
27,0,0,0,0,1,1
37,0,1,0,0,0,0
33,0,0,0,0,1,1
54,0,0,0,0,1,0
23,0,0,0,1,0,0
26,0,0,0,1,0,1
41,0,1,0,0,0,0
52,0,1,0,0,0,0
43,0,0,0,0,1,1
52,0,1,0,0,0,0
28,0,0,1,0,0,0
30,2,0,0,0,1,1
28,0,0,1,0,0,0
22,0,1,0,0,0,0
30,0,0,0,0,1,0
25,0,0,0,0,1,0
31,0,1,0,0,0,1
37,0,1,0,0,0,1
32,1,0,0,0,1,0
26,1,0,0,0,1,0
53,0,0,1,0,0,0
28,0,0,0,0,1,1
44,0,0,0,0,1,1
25,0,1,0,0,0,0
22,1,0,1,0,0,1
37,0,1,0,0,0,0
40,0,0,0,1,0,0
36,0,0,0,0,1,1
30,0,0,0,0,1,0
22,0,0,0,1,0,1
24,0,0,1,0,0,1
27,0,0,0,1,0,1
31,0,1,0,0,0,0
23,1,0,1,0,0,1
23,4,0,0,0,1,1
24,0,1,0,0,0,0
29,0,0,1,0,0,0
20,0,0,1,0,0,1
30,0,0,0,1,0,1
39,0,1,0,0,0,0
27,0,0,0,0,1,0
31,0,0,0,1,0,0
37,0,0,0,1,0,0
20,0,1,0,0,0,0
22,1,1,0,0,0,0
52,0,1,0,0,0,0
23,0,1,0,0,0,1
48,0,1,0,0,0,0
66,0,0,0,0,1,1
25,0,1,0,0,0,0
27,0,1,0,0,0,1
30,0,0,0,0,1,1
22,2,0,0,1,0,1
22,0,0,1,0,0,0
35,0,0,0,1,0,0
32,0,0,0,1,0,0
41,0,0,0,1,0,0
25,0,1,0,0,0,0
44,0,0,0,0,1,0
52,0,0,0,1,0,1
43,0,1,0,0,0,0
37,0,0,0,1,0,0
28,0,0,0,1,0,1
70,0,0,1,0,0,0
54,0,0,0,0,1,1
46,0,0,0,1,0,0
21,0,1,0,0,0,1
26,0,0,1,0,0,1
38,0,0,0,1,0,1
34,0,0,0,0,1,0
19,0,0,1,0,0,1
34,0,0,0,0,1,0
23,0,1,0,0,0,1
34,0,0,0,0,1,1
30,0,0,0,1,0,0
39,0,0,0,0,1,1
24,0,1,0,0,0,0
33,0,0,1,0,0,1
58,0,0,0,1,0,0
21,0,1,0,0,0,0
21,0,0,1,0,0,0
23,1,0,0,0,1,1
62,0,1,0,0,0,0
27,2,0,0,0,1,1
37,0,0,0,0,1,0
43,0,0,0,1,0,1
32,0,0,0,0,1,0
23,0,1,0,0,0,0
27,0,1,0,0,0,0
44,0,1,0,0,0,1
28,0,0,0,1,0,1
42,0,1,0,0,0,0
24,1,0,0,0,1,1
27,0,1,0,0,0,0
20,0,1,0,0,0,1
51,0,1,0,0,0,0
56,0,1,0,0,0,0
29,0,0,0,0,1,0
20,0,1,0,0,0,1
53,0,0,0,0,1,0
27,0,0,0,0,1,0
24,1,0,0,1,0,1
53,0,0,0,0,1,1
28,0,0,0,1,0,1
45,0,0,1,0,0,0
21,1,0,0,1,0,0
36,0,1,0,0,0,0
25,0,0,0,1,0,1
23,0,0,1,0,0,0
28,0,0,1,0,0,0
21,0,1,0,0,0,1
36,0,1,0,0,0,0
24,0,1,0,0,0,0
28,0,0,0,1,0,1
30,0,0,1,0,0,1
29,0,1,0,0,0,0
30,0,1,0,0,0,0
51,0,0,1,0,0,0
33,0,0,0,1,0,0
25,0,0,0,1,0,0
32,1,0,0,0,1,1
23,1,0,1,0,0,0
47,0,0,0,1,0,0
32,0,0,1,0,0,1
37,0,1,0,0,0,0
19,2,0,0,1,0,1
27,0,1,0,0,0,0
39,0,1,0,0,0,0
21,2,1,0,0,0,0
69,0,1,0,0,0,0
21,0,0,0,1,0,0
26,1,0,0,0,1,1
22,0,1,0,0,0,0
23,0,1,0,0,0,1
49,0,0,0,1,0,0
29,1,0,0,1,0,0
60,0,1,0,0,0,0
26,0,1,0,0,0,0
23,2,0,0,1,0,1
34,0,0,0,1,0,1
20,1,0,1,0,0,0
36,0,0,1,0,0,0
30,0,1,0,0,0,0
21,1,0,1,0,0,0
22,0,0,0,1,0,1
57,0,0,0,0,1,0
21,0,0,0,0,1,1
21,0,1,0,0,0,1
34,0,0,1,0,0,0
50,0,0,1,0,0,1
40,0,1,0,0,0,1
25,0,0,0,0,1,1
53,0,0,1,0,0,0
24,0,1,0,0,0,0
42,0,0,1,0,0,0
28,0,0,1,0,0,0
24,0,0,1,0,0,0
26,2,0,0,0,1,1
22,0,0,0,0,1,1
21,0,0,0,1,0,0
37,0,0,0,0,1,1
35,0,0,0,1,0,0
53,0,0,0,1,0,0
60,0,0,1,0,0,0
29,0,0,0,0,1,0
48,1,0,0,0,1,1
52,0,1,0,0,0,0
27,0,0,0,0,1,1
28,0,0,0,0,1,0
33,0,0,0,1,0,0
28,0,1,0,0,0,0
47,0,0,0,0,1,1
36,0,0,0,0,1,1
29,1,0,0,1,0,0
22,1,1,0,0,0,1
26,2,0,0,0,1,0
25,0,1,0,0,0,0
68,0,0,0,1,0,0
56,0,0,0,0,1,0
27,0,0,0,0,1,1
52,0,0,0,0,1,1
32,0,0,0,1,0,0
60,0,0,0,0,1,0
23,0,0,1,0,0,0
39,0,1,0,0,0,0
56,0,1,0,0,0,0
22,0,1,0,0,0,0
27,0,0,1,0,0,1
53,0,0,0,0,1,0
25,0,1,0,0,0,1
21,0,1,0,0,0,0
22,0,1,0,0,0,0
58,0,0,0,1,0,0
31,0,0,0,0,1,1
22,0,0,1,0,0,1
28,0,0,0,0,1,1
42,0,0,1,0,0,0
20,0,1,0,0,0,1
29,0,1,0,0,0,1
29,0,0,0,0,1,0
58,0,0,0,0,1,1
22,0,0,0,1,0,0
48,0,0,1,0,0,1
37,0,1,0,0,0,0
57,0,0,1,0,0,1
27,0,0,0,1,0,0
26,0,0,0,1,0,0
24,2,0,0,1,0,1
33,0,1,0,0,0,0
29,0,0,0,1,0,0
24,0,0,0,1,0,1
19,1,0,1,0,0,1
36,0,0,0,1,0,0
24,0,1,0,0,0,0
34,0,1,0,0,0,0
25,0,0,0,1,0,1
20,2,0,1,0,0,1
28,0,0,0,1,0,1
24,0,0,1,0,0,1
61,0,0,0,0,1,0
50,0,0,0,1,0,0
30,0,0,1,0,0,0
38,0,0,0,0,1,0
24,0,1,0,0,0,0
45,0,0,0,0,1,0
46,0,0,0,1,0,1
41,0,1,0,0,0,1
20,1,1,0,0,0,1
27,0,0,0,0,1,1
51,0,0,0,0,1,0
26,0,0,1,0,0,1
29,0,0,0,1,0,1
52,0,0,0,0,1,1
28,0,0,1,0,0,1
34,0,0,0,0,1,1
55,0,0,0,0,1,1
26,2,0,0,0,1,1
28,0,0,0,0,1,0
63,0,0,0,1,0,0
42,0,1,0,0,0,0
23,5,0,0,0,1,0
54,0,0,0,0,1,1
35,1,0,0,0,1,1
24,1,0,0,0,1,1
54,0,0,0,1,0,0
58,0,0,0,0,1,1
23,1,0,1,0,0,1
35,0,0,1,0,0,0
20,0,0,1,0,0,1
51,0,1,0,0,0,0
24,0,1,0,0,0,0
37,0,0,0,1,0,0
47,0,0,0,1,0,0
34,0,0,0,0,1,1
56,0,1,0,0,0,0
34,0,0,0,0,1,1
59,0,0,1,0,0,1
35,0,1,0,0,0,0
58,0,0,1,0,0,0
29,0,0,0,1,0,0
24,1,0,0,0,1,1
21,4,0,0,1,0,1
26,0,0,0,1,0,0
50,0,0,0,0,1,1
26,0,0,1,0,0,0
30,0,1,0,0,0,0
29,0,0,0,0,1,1
29,0,1,0,0,0,1
54,0,1,0,0,0,0
29,0,0,0,0,1,1
59,0,1,0,0,0,0
38,0,1,0,0,0,0
22,0,0,0,1,0,1
29,0,0,0,0,1,1
27,0,0,1,0,0,1
26,0,0,0,0,1,1
52,0,0,0,0,1,0
66,0,0,0,0,1,1
27,0,0,0,1,0,0
51,0,0,1,0,0,0
35,0,0,1,0,0,0
26,0,0,1,0,0,0
52,0,0,0,0,1,0
35,0,0,0,0,1,0
48,0,0,0,0,1,0
26,0,1,0,0,0,0
48,0,1,0,0,0,0
30,0,0,0,0,1,0
28,0,0,0,1,0,0
33,0,0,0,1,0,0
34,0,0,0,0,1,0
25,0,1,0,0,0,0
59,0,0,0,0,1,1
29,0,0,0,0,1,1
24,0,1,0,0,0,0
48,0,0,1,0,0,1
55,0,1,0,0,0,1
52,0,0,0,0,1,0
20,0,1,0,0,0,1
25,0,0,0,0,1,1
24,0,1,0,0,0,0
23,0,1,0,0,0,0
27,4,0,0,0,1,0
25,1,0,1,0,0,1
31,0,1,0,0,0,0
25,1,0,0,0,1,1
32,0,0,1,0,0,1
21,0,1,0,0,0,1
37,0,0,1,0,0,0
25,0,1,0,0,0,0
32,2,0,0,0,1,0
35,0,1,0,0,0,0
42,0,0,0,0,1,1
24,1,0,0,0,1,1
22,5,0,0,0,1,1
21,0,1,0,0,0,1
47,0,0,1,0,0,0
27,0,0,0,0,1,1
43,0,0,0,1,0,1
46,0,0,0,1,0,1
44,0,0,1,0,0,0
27,0,1,0,0,0,0
23,0,0,0,1,0,0
50,0,0,1,0,0,0
42,0,0,0,0,1,0
58,0,0,0,0,1,0
26,1,0,0,1,0,0
48,0,1,0,0,0,0
39,0,0,0,1,0,1
21,2,0,0,1,0,1
63,0,0,1,0,0,0
22,1,0,0,1,0,1
50,0,0,0,1,0,0
38,0,1,0,0,0,0
41,0,0,1,0,0,0
28,9,0,0,0,1,1
30,0,1,0,0,0,0
23,0,0,1,0,0,0
25,0,0,0,1,0,1
40,0,0,0,0,1,0
24,0,0,0,0,1,0
27,0,0,0,0,1,1
44,0,0,0,0,1,0
35,0,0,0,0,1,1
42,0,1,0,0,0,0
38,0,0,0,0,1,0
26,0,0,0,0,1,0
25,0,1,0,0,0,0
24,0,0,1,0,0,0
64,0,0,1,0,0,0
49,0,0,0,1,0,1
50,0,0,0,0,1,1
28,0,0,0,0,1,1
66,0,1,0,0,0,1
46,0,1,0,0,0,0
30,1,0,0,0,1,1
22,0,1,0,0,0,0
23,0,0,1,0,0,0
30,0,1,0,0,0,1
24,1,0,0,0,1,1
31,0,1,0,0,0,0
31,0,0,1,0,0,0
21,4,0,0,0,1,1
28,0,0,0,0,1,0
25,0,1,0,0,0,0
21,0,1,0,0,0,0
27,0,1,0,0,0,0
20,0,1,0,0,0,1
32,0,0,1,0,0,0
24,1,1,0,0,0,0
20,1,0,1,0,0,0
31,0,0,0,1,0,1
27,0,0,0,1,0,1
59,0,0,0,0,1,1
40,0,1,0,0,0,0
22,0,0,0,0,1,1
38,0,0,1,0,0,0
36,0,0,1,0,0,1
30,0,0,1,0,0,0
27,0,0,0,0,1,1
43,0,0,1,0,0,0
59,0,1,0,0,0,0
37,0,0,0,1,0,0
28,0,0,0,0,1,1
38,0,1,0,0,0,0
22,1,1,0,0,0,1
43,0,0,1,0,0,0
25,0,0,0,0,1,1
51,0,1,0,0,0,0
30,0,0,0,0,1,1
29,0,0,0,1,0,1
28,0,0,0,0,1,0
26,0,0,0,0,1,0
55,0,0,0,0,1,1
23,0,0,0,1,0,0
22,0,1,0,0,0,0
19,0,0,0,1,0,1
31,0,0,1,0,0,0
29,0,1,0,0,0,0
61,0,0,0,0,1,1
24,0,0,0,0,1,1
31,0,1,0,0,0,0
20,2,0,0,0,1,1
26,0,0,0,1,0,1
27,0,0,0,0,1,0
25,0,0,1,0,0,0
23,2,0,0,1,0,1
38,0,1,0,0,0,0
27,3,0,0,0,1,1
35,0,1,0,0,0,1
22,0,1,0,0,0,0
58,0,0,0,0,1,1
57,0,1,0,0,0,1
21,1,1,0,0,0,0
22,0,1,0,0,0,0
30,0,1,0,0,0,0
24,0,0,1,0,0,1
22,0,0,0,1,0,1
29,0,0,0,1,0,1
30,0,0,0,0,1,1
31,0,0,0,0,1,0
45,0,0,1,0,0,0
23,0,0,0,0,1,0
39,0,0,0,1,0,1
31,0,1,0,0,0,1
22,0,0,1,0,0,1
27,0,0,0,0,1,1
27,0,0,0,0,1,1
38,0,0,1,0,0,1
31,0,0,0,0,1,1
47,0,0,0,0,1,0
22,1,0,0,1,0,0
35,1,0,1,0,0,1
23,0,0,0,1,0,1
65,0,0,0,1,0,1
35,0,1,0,0,0,0
33,0,1,0,0,0,0
53,0,0,1,0,0,0
52,0,1,0,0,0,0
21,0,1,0,0,0,0
37,0,0,0,0,1,0
30,0,0,0,0,1,1
33,0,0,0,0,1,0
31,0,0,0,1,0,0
54,0,1,0,0,0,0
31,0,1,0,0,0,0
59,0,0,0,1,0,0
27,0,1,0,0,0,0
36,0,1,0,0,0,1
46,0,0,0,0,1,1
22,1,0,0,1,0,0
28,0,1,0,0,0,0
34,1,0,0,0,1,1
29,0,0,0,0,1,1
23,1,0,0,1,0,1
27,0,0,0,1,0,0
21,1,1,0,0,0,1
48,0,0,0,1,0,1
30,0,0,0,0,1,1
32,0,0,0,1,0,0
31,0,0,0,0,1,0
36,1,0,0,0,1,0
36,0,0,1,0,0,0
44,0,0,0,0,1,1
53,0,0,0,1,0,0
33,0,0,0,1,0,1
21,1,0,0,1,0,0
33,0,0,0,0,1,1
47,0,0,0,1,0,1
57,0,0,0,0,1,1
28,0,0,0,1,0,0
24,0,0,1,0,0,0
44,0,0,1,0,0,0
46,0,1,0,0,0,0
37,0,0,0,0,1,0
26,0,0,0,0,1,1
27,1,0,0,0,1,1
40,0,0,1,0,0,0
60,0,0,0,0,1,1
53,0,0,1,0,0,0
26,1,0,0,0,1,0
28,0,1,0,0,0,0
23,0,1,0,0,0,0
46,0,0,0,1,0,0
23,0,1,0,0,0,1
37,0,0,0,0,1,1
44,1,0,1,0,0,0
50,0,0,0,0,1,1
45,0,1,0,0,0,0
22,0,0,1,0,0,0
26,0,0,1,0,0,1
62,0,1,0,0,0,0
34,0,1,0,0,0,1
24,0,0,1,0,0,0
21,0,1,0,0,0,0
25,0,1,0,0,0,1
68,0,1,0,0,0,0
41,0,0,0,1,0,0
21,0,0,1,0,0,0
37,0,0,1,0,0,0
22,0,1,0,0,0,0
38,0,0,0,0,1,1
42,0,0,1,0,0,0
22,2,0,1,0,0,1
45,0,1,0,0,0,1
36,0,0,0,0,1,1
48,0,0,0,1,0,0
45,0,0,1,0,0,0
23,1,0,0,0,1,1
24,0,1,0,0,0,0
29,0,1,0,0,0,0
24,0,1,0,0,0,0
50,0,0,0,0,1,0
34,1,0,0,0,1,1
23,0,1,0,0,0,0
22,0,1,0,0,0,0
36,0,1,0,0,0,0
30,0,0,0,0,1,1
21,0,1,0,0,0,1
53,0,1,0,0,0,0
24,0,0,1,0,0,0
25,2,0,0,0,1,1
25,0,0,1,0,0,0
71,0,0,0,0,1,0
39,4,0,0,0,1,0
37,0,1,0,0,0,0
20,2,1,0,0,0,1
29,0,0,0,1,0,0
22,0,0,0,1,0,1
26,0,0,0,0,1,1
35,0,0,0,0,1,0
47,0,0,0,0,1,1
21,0,0,1,0,0,1
23,0,1,0,0,0,0
20,0,0,1,0,0,1
23,0,1,0,0,0,0
27,0,0,0,1,0,0
55,0,0,0,0,1,1
53,0,1,0,0,0,0
23,0,1,0,0,0,0
26,1,0,0,0,1,1
25,0,0,0,0,1,0
23,0,0,0,1,0,0
27,0,0,0,0,1,1
26,0,0,0,1,0,0
29,0,0,1,0,0,0
27,0,0,1,0,0,1
28,0,1,0,0,0,0
31,0,1,0,0,0,0
41,0,0,0,0,1,1
25,0,1,0,0,0,0
47,0,1,0,0,0,0
37,0,0,0,0,1,0
35,0,0,0,0,1,0
24,0,0,1,0,0,1
21,3,0,0,1,0,1
22,0,1,0,0,0,1
57,0,0,0,0,1,0
48,0,1,0,0,0,0
36,0,1,0,0,0,0
37,0,0,0,1,0,0
31,0,1,0,0,0,0
22,1,0,1,0,0,1
31,0,0,0,1,0,0
24,0,1,0,0,0,1
32,1,0,0,0,1,1
23,0,1,0,0,0,0
63,0,1,0,0,0,0
30,0,1,0,0,0,0
26,0,0,0,1,0,1
48,0,0,0,1,0,0
20,2,1,0,0,0,0
24,0,0,1,0,0,1
36,0,0,1,0,0,0
83,0,1,0,0,0,0
28,0,0,0,1,0,0
36,0,0,0,1,0,1
33,0,1,0,0,0,0
39,0,1,0,0,0,0
29,0,0,0,1,0,0
30,0,0,0,0,1,1
19,2,0,1,0,0,1
24,0,0,1,0,0,1
36,0,0,0,0,1,0
29,0,0,1,0,0,0
35,0,0,0,0,1,0
24,1,1,0,0,0,0
26,0,1,0,0,0,0
26,0,0,0,0,1,0
52,0,0,0,0,1,0
28,0,0,0,0,1,1
32,0,1,0,0,0,0
32,0,0,1,0,0,1
33,0,0,0,0,1,1
29,1,0,0,0,1,0
34,0,0,1,0,0,1
37,0,1,0,0,0,1
43,0,1,0,0,0,0
47,0,0,0,1,0,0
25,0,0,0,1,0,1
23,0,0,1,0,0,0
39,0,0,0,1,0,0
35,0,0,0,0,1,1
33,0,1,0,0,0,0
21,0,1,0,0,0,1
43,1,0,0,0,1,0
25,2,0,0,1,0,1
48,1,0,0,0,1,1
22,1,0,1,0,0,1
52,1,0,0,0,1,1
26,0,0,0,0,1,1
67,0,0,0,0,1,1
34,0,0,0,0,1,0
56,0,0,0,0,1,0
28,0,0,1,0,0,1
29,0,0,0,1,0,0
24,0,1,0,0,0,1
37,0,0,0,0,1,1
43,0,0,0,1,0,0
51,0,1,0,0,0,0
20,1,0,1,0,0,1
26,0,0,0,0,1,1
39,0,0,1,0,0,1
21,1,0,1,0,0,0
21,2,0,1,0,0,1
24,2,0,0,1,0,1
26,1,0,0,0,1,1
48,0,0,1,0,0,0
24,1,0,0,0,1,1
26,0,1,0,0,0,0
46,0,1,0,0,0,0
30,0,0,1,0,0,0
24,2,0,0,0,1,0
21,0,1,0,0,0,0
24,0,0,1,0,0,1
30,0,0,1,0,0,0
36,0,0,0,0,1,0
30,0,0,0,0,1,1
22,0,0,1,0,0,0
25,0,1,0,0,0,1
31,3,0,0,0,1,1
24,0,1,0,0,0,0
39,0,0,0,0,1,1
46,0,1,0,0,0,0
48,0,0,0,0,1,1
30,0,0,0,0,1,0
40,0,1,0,0,0,0
52,0,1,0,0,0,0
23,2,0,0,1,0,0
26,0,0,1,0,0,0
22,1,0,1,0,0,1
42,0,0,0,1,0,0
23,4,0,0,0,1,1
33,0,0,0,0,1,1
28,0,0,1,0,0,0
37,0,0,0,0,1,0
50,0,0,1,0,0,0
38,1,0,0,0,1,1
32,0,0,1,0,0,0
24,0,0,0,1,0,1
51,0,0,0,1,0,0
19,0,0,1,0,0,1
32,0,0,0,0,1,0
31,0,0,1,0,0,1
29,0,0,1,0,0,0
43,0,1,0,0,0,0
26,0,0,0,0,1,1
27,0,1,0,0,0,1
52,0,0,1,0,0,1
27,0,0,1,0,0,0
57,0,0,1,0,0,0
28,0,0,0,1,0,1
32,0,0,0,1,0,1
27,0,0,0,0,1,1
45,0,1,0,0,0,1
42,0,1,0,0,0,0
33,0,1,0,0,0,1
26,0,0,0,0,1,0
28,1,0,0,1,0,0
53,0,1,0,0,0,0
24,0,1,0,0,0,0
28,0,0,1,0,0,0
28,0,0,1,0,0,0
39,1,0,0,0,1,1
22,0,0,1,0,0,1
46,0,0,0,1,0,1
25,0,1,0,0,0,0
52,0,0,1,0,0,0
28,0,0,0,0,1,1
57,0,0,1,0,0,1
49,0,0,0,1,0,1
21,0,0,0,1,0,1
32,0,0,0,0,1,1
63,0,0,0,1,0,0
29,0,0,0,1,0,0
46,0,1,0,0,0,0
23,0,0,0,0,1,1
28,0,0,0,0,1,1
27,0,0,1,0,0,0
69,0,1,0,0,0,0
47,0,1,0,0,0,0
45,0,0,1,0,0,0
33,0,0,1,0,0,0
27,0,1,0,0,0,1
47,0,0,0,0,1,1
32,0,0,0,0,1,1
24,0,0,0,1,0,0
26,0,0,0,0,1,1
47,0,1,0,0,0,0
25,0,0,1,0,0,0
21,0,0,1,0,0,0
25,0,0,0,1,0,1
22,2,0,0,0,1,1
26,0,1,0,0,0,0
20,0,1,0,0,0,0
30,0,0,1,0,0,1
45,0,1,0,0,0,1
33,0,0,0,0,1,1
35,0,0,0,1,0,0
41,0,0,0,0,1,0
23,0,1,0,0,0,0
21,1,1,0,0,0,1
54,0,1,0,0,0,0
27,0,0,0,0,1,1
22,0,1,0,0,0,0
21,0,1,0,0,0,1
23,0,0,0,1,0,1
30,0,0,1,0,0,0
36,0,0,0,0,1,1
24,0,0,0,1,0,1
29,1,0,0,0,1,1
54,0,0,0,0,1,1
22,0,0,0,1,0,1
38,0,0,0,1,0,0
26,0,1,0,0,0,1
20,0,1,0,0,0,0
56,0,1,0,0,0,0
52,0,0,0,0,1,1
29,0,1,0,0,0,0
23,0,0,0,0,1,0
35,0,0,1,0,0,0
32,0,0,0,0,1,1
21,0,0,1,0,0,1
25,0,1,0,0,0,0
32,1,0,0,0,1,1
30,0,0,0,0,1,1
30,0,0,0,1,0,0
23,0,0,0,1,0,1
32,1,0,0,0,1,0
52,0,0,1,0,0,0
29,0,0,0,0,1,1
42,0,1,0,0,0,0
21,1,1,0,0,0,1
36,0,0,0,0,1,1
22,0,1,0,0,0,0
45,0,0,0,1,0,0
29,0,1,0,0,0,0
54,0,0,0,1,0,0
30,0,0,0,0,1,1
51,0,0,0,0,1,0
45,0,0,0,0,1,1
27,0,0,0,1,0,1
24,0,0,1,0,0,1
24,0,0,0,1,0,0
23,0,0,0,1,0,0
42,0,0,0,1,0,0
36,0,0,0,0,1,0
38,1,0,0,0,1,1
69,0,1,0,0,0,0
21,1,0,1,0,0,1
59,0,0,1,0,0,0
39,0,0,1,0,0,0
29,0,0,0,1,0,0
22,0,0,1,0,0,1
28,0,0,1,0,0,0
44,0,0,0,0,1,0
25,0,0,0,1,0,0
31,0,1,0,0,0,0
35,1,0,0,0,1,1
27,0,0,0,0,1,1
33,0,0,1,0,0,0
28,0,0,0,0,1,1
20,2,0,1,0,0,1
60,0,0,1,0,0,0
53,0,1,0,0,0,0
51,0,1,0,0,0,1
25,0,0,1,0,0,0
27,3,0,0,0,1,1
54,0,1,0,0,0,0
26,1,0,0,1,0,0
24,3,0,0,1,0,0
55,0,0,1,0,0,1
26,0,1,0,0,0,0
75,0,0,0,0,1,0
36,0,0,0,0,1,1
56,0,0,0,0,1,0
34,0,1,0,0,0,1
25,0,0,0,0,1,1
46,0,1,0,0,0,0
27,0,0,1,0,0,0
24,0,0,1,0,0,0
28,0,0,0,1,0,1
42,2,0,0,0,1,1
59,0,0,0,1,0,0
39,0,0,1,0,0,0
46,0,0,0,0,1,0
25,0,0,1,0,0,0
55,0,0,0,1,0,0
35,0,0,1,0,0,1
43,0,1,0,0,0,1
53,0,1,0,0,0,0
21,0,1,0,0,0,0
55,0,0,0,0,1,1
27,0,0,1,0,0,1
40,0,1,0,0,0,0
37,0,1,0,0,0,0
32,0,0,0,1,0,1
32,0,0,0,1,0,0
36,0,0,0,0,1,1
22,0,1,0,0,0,0
31,0,1,0,0,0,0
26,0,0,0,0,1,1
50,0,0,0,0,1,1
47,0,0,0,0,1,0
36,0,0,0,1,0,0
38,0,1,0,0,0,0
35,0,1,0,0,0,0
53,0,1,0,0,0,0
53,0,0,0,1,0,0
57,0,0,0,0,1,0
22,0,0,0,0,1,1
21,0,1,0,0,0,1
26,0,1,0,0,0,1
24,0,0,1,0,0,0
27,0,0,0,1,0,0
49,0,0,0,0,1,0
47,0,0,1,0,0,1
30,0,0,0,0,1,1
44,0,0,0,1,0,0
34,0,0,1,0,0,0
45,0,0,0,0,1,1
38,0,1,0,0,0,0
50,0,0,0,1,0,0
29,0,0,1,0,0,0
26,0,1,0,0,0,0
44,0,0,0,1,0,0
22,0,0,1,0,0,1
47,0,1,0,0,0,0
49,0,1,0,0,0,0
49,0,0,1,0,0,1
59,0,0,0,1,0,0
32,0,0,0,0,1,0
24,2,0,1,0,0,1
40,0,1,0,0,0,0
32,0,1,0,0,0,0
54,0,1,0,0,0,0
27,1,0,0,0,1,1
40,0,0,1,0,0,0
25,0,0,0,1,0,0
34,0,0,1,0,0,0
62,0,0,0,1,0,1
20,0,1,0,0,0,1
37,2,0,0,0,1,0
30,0,0,0,0,1,1
23,0,0,1,0,0,1
20,0,1,0,0,0,0
29,0,0,0,0,1,1
24,0,0,1,0,0,0
54,0,0,1,0,0,0
66,0,0,0,1,0,0
50,0,0,0,0,1,0
50,0,0,0,0,1,0
40,0,0,0,1,0,0
30,0,0,0,0,1,1
24,0,0,0,1,0,0
24,0,1,0,0,0,1
23,0,0,0,1,0,1
24,0,0,0,0,1,1
54,0,0,0,1,0,1
25,2,0,0,0,1,0
46,0,0,1,0,0,0
35,0,0,0,0,1,0
25,0,0,1,0,0,0
22,0,1,0,0,0,0
32,0,0,1,0,0,0
25,0,1,0,0,0,1
22,0,0,0,1,0,1
33,0,0,0,0,1,1
49,0,1,0,0,0,1
30,0,0,0,0,1,0
33,0,0,0,0,1,1
24,0,1,0,0,0,0
33,1,0,0,0,1,1
37,0,1,0,0,0,0
40,0,1,0,0,0,0
27,0,0,1,0,0,0
43,0,0,0,0,1,1
26,0,0,0,0,1,0
35,0,0,0,0,1,1
25,1,0,0,0,1,1
61,0,0,1,0,0,1
53,0,0,1,0,0,1
27,0,1,0,0,0,0
52,0,0,1,0,0,0
26,0,0,0,0,1,1
39,0,0,1,0,0,1
47,0,0,0,0,1,0
50,0,0,1,0,0,0
52,0,0,0,0,1,0
41,0,1,0,0,0,0
37,0,1,0,0,0,0
24,0,1,0,0,0,0
34,0,0,0,0,1,0
24,0,0,0,0,1,1
20,0,1,0,0,0,1
25,0,0,1,0,0,1
31,0,0,0,1,0,0
62,0,1,0,0,0,0
23,0,1,0,0,0,1
60,0,1,0,0,0,0
35,0,1,0,0,0,0
24,0,1,0,0,0,0
56,0,0,1,0,0,1
30,0,1,0,0,0,0
41,0,0,0,0,1,1
35,0,0,0,0,1,1
28,0,1,0,0,0,0
23,1,0,1,0,0,0
56,0,1,0,0,0,0
23,0,0,0,1,0,1
20,0,1,0,0,0,1
37,1,0,0,0,1,0
23,1,0,1,0,0,0
21,0,1,0,0,0,1
21,5,0,0,1,0,0
35,0,0,0,1,0,0
33,0,0,0,1,0,0
21,0,1,0,0,0,0
41,3,0,0,0,1,0
24,0,1,0,0,0,0
20,0,0,0,1,0,1
28,0,0,0,0,1,1
25,0,0,0,0,1,0
49,0,0,0,1,0,0
22,0,1,0,0,0,0
21,0,1,0,0,0,1
27,0,0,0,1,0,1
32,0,0,0,0,1,1
50,0,0,0,0,1,0
23,0,1,0,0,0,0
34,0,1,0,0,0,0
35,0,0,1,0,0,0
25,1,0,0,0,1,1
33,0,0,0,1,0,1
25,0,0,1,0,0,1
30,0,1,0,0,0,0
42,0,1,0,0,0,0
29,0,0,0,0,1,1
32,0,0,0,0,1,1
24,0,0,0,0,1,0
52,0,0,0,1,0,0
26,0,0,0,1,0,0
31,0,0,0,1,0,1
38,0,1,0,0,0,0
47,0,0,0,1,0,0
25,0,0,0,0,1,0
30,0,1,0,0,0,0
20,0,1,0,0,0,1
29,0,0,0,1,0,0
24,0,1,0,0,0,0
31,0,1,0,0,0,0
54,0,0,0,0,1,0
37,0,0,1,0,0,0
43,0,1,0,0,0,1
49,0,0,0,0,1,1
33,0,0,1,0,0,0
20,0,0,1,0,0,0
42,0,1,0,0,0,0
44,0,1,0,0,0,1
28,0,0,0,0,1,1
32,0,0,0,0,1,1
28,0,0,0,0,1,1
38,0,1,0,0,0,0
38,0,0,0,1,0,0
21,0,0,1,0,0,0
34,0,1,0,0,0,0
21,0,0,1,0,0,1
36,0,0,1,0,0,1
29,0,1,0,0,0,1
34,1,0,0,1,0,1
38,0,0,1,0,0,0
36,0,1,0,0,0,0
32,0,1,0,0,0,0
23,0,1,0,0,0,0
47,0,1,0,0,0,0
20,0,1,0,0,0,0
25,0,0,0,1,0,1
35,0,1,0,0,0,0
30,0,0,1,0,0,0
28,0,0,1,0,0,0
30,0,0,0,1,0,1
45,0,0,0,1,0,0
24,0,0,0,1,0,1
22,0,1,0,0,0,0
20,9,0,0,0,1,1
42,0,1,0,0,0,1
24,2,0,0,0,1,1
40,0,1,0,0,0,0
27,0,0,1,0,0,0
60,0,0,0,0,1,0
33,0,0,0,0,1,0
34,0,0,0,1,0,1
24,0,0,0,0,1,0
27,0,1,0,0,0,1
29,3,0,0,0,1,1
21,2,0,1,0,0,1
32,0,1,0,0,0,0
30,0,0,0,0,1,1
42,0,1,0,0,0,1
32,0,0,1,0,0,0
27,0,1,0,0,0,0
30,0,0,0,1,0,0
22,0,0,1,0,0,1
20,0,1,0,0,0,1
57,0,1,0,0,0,0
51,0,0,0,1,0,1
21,0,1,0,0,0,0
22,0,1,0,0,0,0
35,0,0,0,0,1,1
54,0,0,1,0,0,0
58,0,0,0,1,0,0
32,0,1,0,0,0,1
39,0,0,0,0,1,1
30,0,0,0,0,1,1
20,0,1,0,0,0,1
40,0,1,0,0,0,0
45,0,0,0,0,1,0
31,0,0,0,0,1,1
23,0,0,0,0,1,0
26,0,1,0,0,0,1
53,0,0,1,0,0,0
44,0,1,0,0,0,0
44,0,0,1,0,0,0
21,0,1,0,0,0,1
28,0,1,0,0,0,0
28,0,0,0,1,0,0
24,0,1,0,0,0,1
28,0,1,0,0,0,0
53,0,0,0,0,1,0
47,0,0,1,0,0,0
20,0,0,1,0,0,0
21,0,1,0,0,0,0
30,0,0,1,0,0,1
37,0,0,1,0,0,1
60,0,0,1,0,0,0
26,0,0,1,0,0,1
30,0,1,0,0,0,0
26,0,0,0,1,0,1
26,0,0,0,0,1,1
21,0,1,0,0,0,0
39,0,0,1,0,0,0
30,0,1,0,0,0,0
44,0,0,0,1,0,0
45,0,1,0,0,0,0
30,0,0,1,0,0,0
38,0,0,0,1,0,0
23,0,0,0,0,1,1
37,0,0,1,0,0,0
46,0,1,0,0,0,0
42,0,1,0,0,0,0
20,0,1,0,0,0,1
65,0,0,0,1,0,0
54,0,0,0,0,1,0
47,0,0,0,0,1,1
39,0,0,0,0,1,1
26,0,1,0,0,0,1
29,0,0,0,0,1,1
51,0,0,0,0,1,1
44,0,1,0,0,0,0
49,0,0,0,0,1,0
22,0,1,0,0,0,1
32,0,0,0,0,1,1
27,0,1,0,0,0,0
30,0,1,0,0,0,0
22,4,0,0,0,1,1
20,2,0,0,1,0,1
28,0,0,0,0,1,0
45,0,1,0,0,0,0
51,0,0,0,0,1,0
27,0,0,0,0,1,1
32,0,1,0,0,0,1
43,0,0,0,1,0,0
63,0,0,1,0,0,0
37,0,0,0,1,0,0
26,0,1,0,0,0,1
32,3,0,0,0,1,1
26,0,1,0,0,0,0
32,0,0,0,0,1,0
39,0,0,0,1,0,0
58,0,0,0,0,1,0
33,0,1,0,0,0,0
22,1,0,1,0,0,0
26,0,0,0,0,1,1
21,3,0,0,1,0,1
29,0,0,1,0,0,1
31,0,1,0,0,0,1
43,0,0,0,1,0,0
23,0,1,0,0,0,0
25,0,1,0,0,0,0
22,0,0,0,0,1,0
30,0,0,0,0,1,0
25,4,0,0,0,1,1
20,1,1,0,0,0,1
39,0,1,0,0,0,0
31,0,0,0,1,0,1
33,0,0,1,0,0,1
59,0,0,1,0,0,0
21,2,0,1,0,0,0
53,0,0,0,0,1,1
34,0,0,0,1,0,0
36,0,0,0,0,1,0
23,0,1,0,0,0,0
32,0,0,0,1,0,0
32,0,0,0,0,1,1
66,0,0,1,0,0,0
66,0,1,0,0,0,0
24,0,1,0,0,0,0
30,0,0,0,0,1,1
28,0,0,1,0,0,0
43,0,0,0,0,1,1
35,0,0,0,1,0,0
19,3,0,0,1,0,1
33,0,1,0,0,0,1
22,0,0,1,0,0,1
29,0,1,0,0,0,0
23,0,1,0,0,0,0
62,0,0,0,0,1,0
33,0,1,0,0,0,0
35,0,0,1,0,0,0
53,0,1,0,0,0,0
59,0,0,0,0,1,1
48,0,1,0,0,0,0
33,0,0,1,0,0,0
44,0,1,0,0,0,0
31,0,0,0,0,1,1
28,1,0,0,1,0,1
56,0,0,0,0,1,0
51,0,0,1,0,0,0
23,0,1,0,0,0,1
21,0,1,0,0,0,0
26,0,1,0,0,0,0
22,3,0,0,1,0,0
29,0,1,0,0,0,0
20,2,0,0,1,0,1
44,0,1,0,0,0,0
41,0,0,0,1,0,0
28,1,0,0,0,1,0
27,0,0,1,0,0,1
31,0,0,0,0,1,0
23,0,0,0,0,1,1
33,0,0,0,0,1,1
26,0,0,0,1,0,1
20,2,1,0,0,0,0
55,0,0,0,1,0,1
36,0,1,0,0,0,0
48,0,0,0,0,1,1
22,0,0,0,0,1,1
23,1,0,1,0,0,0
34,3,0,0,0,1,1
59,0,0,1,0,0,0
37,0,1,0,0,0,1
28,0,1,0,0,0,1
20,2,0,1,0,0,1
31,0,1,0,0,0,0
38,0,0,0,0,1,1
33,0,1,0,0,0,1
27,0,0,0,1,0,1
25,0,0,0,1,0,1
42,0,0,0,1,0,0
22,0,0,0,1,0,1
21,0,1,0,0,0,0
57,0,0,0,0,1,0
45,0,0,1,0,0,1
21,0,0,1,0,0,1
52,0,0,0,1,0,0
29,0,1,0,0,0,0
37,0,1,0,0,0,0
34,1,1,0,0,0,0
53,0,1,0,0,0,1
30,0,0,0,0,1,1
35,0,1,0,0,0,0
28,0,0,1,0,0,0
21,0,0,1,0,0,0
22,0,0,1,0,0,0
42,0,0,1,0,0,1
26,0,0,0,1,0,1
54,0,0,0,0,1,0
39,0,0,1,0,0,1
30,2,0,0,0,1,1
26,0,0,1,0,0,1
41,0,1,0,0,0,0
23,2,0,0,0,1,1
43,0,0,1,0,0,1
22,0,1,0,0,0,1
42,0,0,0,1,0,0
27,0,0,0,0,1,1
42,0,0,0,1,0,0
25,0,0,0,0,1,1
49,0,0,0,0,1,0
26,1,0,0,0,1,1
52,0,0,1,0,0,0
60,0,0,0,1,0,0
23,0,1,0,0,0,0
30,0,0,0,1,0,0
48,0,0,0,0,1,1
32,0,0,0,1,0,1
28,1,0,0,1,0,1
24,0,0,0,0,1,1
26,0,0,0,1,0,1
22,0,0,0,1,0,1
44,0,0,0,1,0,0
32,0,0,0,1,0,0
27,0,0,1,0,0,0
52,0,0,0,0,1,1
61,0,0,0,1,0,1
69,0,0,0,1,0,0
51,0,0,0,1,0,0
21,0,0,1,0,0,0
31,1,0,0,1,0,1
19,2,0,0,1,0,1
24,5,0,0,0,1,1
24,0,0,0,1,0,1
57,0,0,0,1,0,0
30,0,0,0,0,1,0
43,0,0,0,0,1,1
24,1,0,0,0,1,0
30,0,0,0,0,1,0
25,0,0,0,0,1,1
57,0,1,0,0,0,1
56,0,0,1,0,0,0
21,0,0,1,0,0,0
31,3,0,0,0,1,1
23,0,0,1,0,0,0
30,3,0,0,0,1,1
42,0,0,1,0,0,0
64,0,1,0,0,0,0
21,0,1,0,0,0,1
36,0,0,0,0,1,0
50,0,0,1,0,0,0
23,0,1,0,0,0,1
28,0,0,0,1,0,0
25,0,0,0,0,1,0
47,0,0,1,0,0,0
28,1,0,0,0,1,1
53,0,0,0,0,1,0
54,0,0,0,0,1,1
37,0,0,0,0,1,0
25,1,0,0,0,1,1
63,0,1,0,0,0,1
35,0,0,0,1,0,0
20,9,0,0,0,1,1
26,0,1,0,0,0,1
32,0,0,0,1,0,0
25,0,0,0,0,1,1
33,0,1,0,0,0,0
29,0,0,0,0,1,0
27,0,0,0,1,0,0
37,2,0,0,0,1,1
20,3,0,0,1,0,1
32,0,0,1,0,0,1
72,0,0,1,0,0,0
38,0,1,0,0,0,0
40,0,1,0,0,0,0
23,0,1,0,0,0,0
21,0,0,0,0,1,1
27,0,0,0,0,1,1
55,0,0,0,0,1,1
23,3,0,0,0,1,1
41,0,1,0,0,0,0
56,0,0,1,0,0,0
55,0,0,0,0,1,0
23,0,1,0,0,0,1
28,0,0,0,1,0,0
31,0,0,0,1,0,1
56,0,0,0,1,0,0
53,0,1,0,0,0,0
27,0,0,0,0,1,1
22,0,1,0,0,0,1
22,1,1,0,0,0,1
33,0,0,0,0,1,1
34,0,0,0,0,1,0
22,0,1,0,0,0,1
32,0,0,0,0,1,0
47,5,0,0,0,1,1
24,0,1,0,0,0,0
25,8,0,0,0,1,1
56,0,1,0,0,0,0
36,0,0,1,0,0,1
28,0,0,0,0,1,1
20,2,0,0,1,0,1
59,0,1,0,0,0,0
27,0,0,1,0,0,1
29,0,0,0,0,1,0
72,0,0,0,1,0,0
24,0,0,0,1,0,1
45,0,0,0,1,0,0
30,0,0,0,0,1,1
45,0,1,0,0,0,0
47,0,1,0,0,0,0
24,0,1,0,0,0,1
20,0,1,0,0,0,1
51,0,0,0,0,1,1
34,0,0,0,1,0,0
22,0,0,0,1,0,0
49,0,0,0,1,0,1
41,0,0,0,0,1,0
49,0,0,1,0,0,0
26,0,1,0,0,0,0
34,0,0,0,1,0,1
28,0,1,0,0,0,0
33,0,0,0,1,0,0
46,0,1,0,0,0,0
21,0,1,0,0,0,0
26,4,0,0,0,1,1
28,0,0,0,1,0,0
48,0,0,1,0,0,1
58,0,0,0,0,1,1
29,0,1,0,0,0,0
20,3,0,0,1,0,1
28,0,1,0,0,0,1
21,0,1,0,0,0,1
26,0,1,0,0,0,0
34,0,0,0,1,0,0
32,2,0,0,0,1,1
38,1,0,0,0,1,1
22,0,1,0,0,0,0
42,0,0,0,1,0,1
57,0,1,0,0,0,0
56,0,0,1,0,0,0
32,0,0,0,1,0,1
30,4,0,0,0,1,0
29,0,0,0,1,0,0
46,1,0,0,0,1,1
36,2,0,0,0,1,0
24,0,1,0,0,0,0
70,0,0,1,0,0,0
21,0,1,0,0,0,1
45,0,0,1,0,0,0
33,0,0,0,1,0,0
39,1,0,0,0,1,0
25,1,0,0,0,1,0
48,0,0,1,0,0,0
32,0,0,1,0,0,1
46,0,1,0,0,0,0
28,0,1,0,0,0,1
32,0,0,1,0,0,0
27,0,0,1,0,0,0
43,0,0,0,0,1,1
56,0,0,0,0,1,1
30,0,0,0,0,1,1
35,21,0,0,0,1,0
29,0,0,1,0,0,0
54,0,0,0,0,1,1
20,0,1,0,0,0,0
29,0,1,0,0,0,0
28,0,0,0,1,0,0
67,0,1,0,0,0,0
46,0,0,1,0,0,0
25,0,1,0,0,0,0
24,3,0,0,0,1,1
29,0,0,0,1,0,0
45,0,0,0,1,0,0
31,0,0,0,0,1,1
23,0,1,0,0,0,1
21,0,1,0,0,0,1
61,0,1,0,0,0,0
51,0,0,0,0,1,1
32,0,0,1,0,0,0
43,0,0,0,0,1,0
32,0,1,0,0,0,0
36,0,1,0,0,0,0
58,0,0,0,1,0,1
32,0,0,1,0,0,0
57,0,0,0,0,1,0
37,0,0,0,1,0,0
44,0,0,0,0,1,0
51,0,0,0,0,1,0
45,0,0,0,0,1,0
28,2,0,0,0,1,0
45,0,0,0,0,1,1
48,0,0,1,0,0,0
26,2,0,0,0,1,1
34,1,0,0,0,1,1
25,0,1,0,0,0,0
31,0,0,0,0,1,1
43,0,0,1,0,0,0
30,0,1,0,0,0,0
50,0,1,0,0,0,0
31,0,0,0,1,0,0
33,0,0,0,0,1,0
32,0,0,1,0,0,1
46,0,1,0,0,0,1
22,0,1,0,0,0,0
37,0,0,0,0,1,1
32,0,0,0,0,1,1
23,0,0,0,1,0,1
21,0,1,0,0,0,0
22,0,0,1,0,0,0
52,0,0,0,1,0,0
49,0,0,0,1,0,0
55,0,0,0,1,0,1
22,0,1,0,0,0,0
45,0,1,0,0,0,0
31,0,0,0,0,1,1
22,1,1,0,0,0,1
28,0,0,0,0,1,0
21,0,0,1,0,0,1
37,1,0,0,1,0,0
30,2,0,0,0,1,1
22,1,0,0,0,1,1
35,1,0,0,0,1,1
28,3,0,0,0,1,0
24,0,0,1,0,0,0
44,0,0,0,0,1,0
25,4,0,0,0,1,0
32,4,0,0,0,1,1
29,0,0,0,0,1,1
24,0,0,1,0,0,0
57,0,0,0,0,1,0
21,0,1,0,0,0,0
28,0,1,0,0,0,0
51,0,1,0,0,0,0
34,0,0,0,0,1,1
26,0,1,0,0,0,1
20,3,1,0,0,0,1
25,1,0,0,0,1,0
19,0,1,0,0,0,1
49,0,0,1,0,0,1
57,0,0,0,0,1,0
27,0,1,0,0,0,0
66,0,0,1,0,0,0
25,0,0,0,0,1,1
21,0,1,0,0,0,0
45,0,0,1,0,0,0
38,0,0,0,0,1,1
37,5,0,0,0,1,0
44,0,0,0,0,1,1
64,0,1,0,0,0,0
30,0,0,1,0,0,1
61,0,0,1,0,0,0
33,0,1,0,0,0,0
49,0,0,0,0,1,0
23,0,1,0,0,0,0
33,0,0,0,0,1,0
21,0,1,0,0,0,1
30,0,0,0,1,0,1
26,1,0,0,0,1,0
35,0,0,0,1,0,1
27,1,0,0,1,0,0
38,0,0,1,0,0,0
48,0,0,0,0,1,1
26,0,1,0,0,0,0
24,1,0,0,0,1,1
28,0,0,0,1,0,1
44,0,0,0,0,1,1
23,1,0,0,1,0,0
34,0,0,1,0,0,1
20,1,0,1,0,0,1
63,0,0,0,0,1,1
36,0,1,0,0,0,0
58,0,0,1,0,0,0
25,0,0,0,0,1,1
46,0,0,0,0,1,0
35,0,0,0,0,1,0
23,0,0,0,1,0,0
40,0,0,1,0,0,0
31,0,0,0,1,0,0
34,0,0,0,0,1,0
23,0,0,0,1,0,1
27,0,1,0,0,0,1
26,0,0,0,1,0,0
49,0,0,1,0,0,0
47,0,1,0,0,0,0
45,0,0,1,0,0,0
47,0,0,0,0,1,0
34,0,0,0,0,1,1
45,0,0,1,0,0,0
27,0,0,0,0,1,0
52,0,1,0,0,0,0
26,0,1,0,0,0,1
25,1,0,0,0,1,0
51,0,0,1,0,0,0
29,0,0,1,0,0,0
39,0,0,1,0,0,0
46,0,1,0,0,0,0
28,0,0,0,0,1,0
57,0,1,0,0,0,0
23,0,0,0,1,0,0
34,0,0,0,0,1,1
27,0,0,0,1,0,0
25,1,0,0,0,1,1
31,0,0,1,0,0,1
37,0,0,0,0,1,0
51,0,1,0,0,0,1
51,0,0,0,1,0,0
28,1,0,0,0,1,0
56,0,0,0,0,1,0
45,0,0,0,0,1,1
26,0,0,0,0,1,1
33,0,0,0,0,1,1
23,3,1,0,0,0,0
31,0,1,0,0,0,0
31,0,1,0,0,0,0
19,1,0,1,0,0,0
32,0,1,0,0,0,0
30,0,0,1,0,0,1
48,0,0,0,0,1,0
66,0,0,1,0,0,0
40,0,1,0,0,0,0
59,0,0,0,0,1,0
25,0,0,0,0,1,0
27,0,0,0,1,0,0
22,0,1,0,0,0,0
58,0,0,1,0,0,0
49,0,0,1,0,0,0
29,0,0,0,1,0,0
44,0,0,0,0,1,1
24,0,0,0,1,0,0
27,0,1,0,0,0,1
34,0,0,0,0,1,1
24,0,1,0,0,0,0
35,1,0,0,1,0,0
65,0,0,0,0,1,0
29,3,0,0,0,1,1
30,1,0,0,0,1,1
23,2,0,1,0,0,0
32,0,0,0,1,0,1
22,0,0,0,1,0,0
21,0,1,0,0,0,0
43,0,1,0,0,0,0
29,0,1,0,0,0,0
43,0,0,1,0,0,0
25,0,0,1,0,0,0
47,0,1,0,0,0,0
21,0,1,0,0,0,0
25,0,0,1,0,0,0
54,0,1,0,0,0,0
34,1,0,0,1,0,1
28,0,0,0,1,0,0
53,0,0,0,0,1,1
54,0,1,0,0,0,0
37,0,0,0,1,0,1
34,0,0,0,1,0,0
50,0,0,0,0,1,0
60,0,1,0,0,0,1
22,0,1,0,0,0,0
51,0,0,0,1,0,0
29,0,1,0,0,0,1
28,0,0,1,0,0,0
36,0,0,0,0,1,0
28,1,0,0,0,1,0
33,0,1,0,0,0,1
43,0,0,0,0,1,0
45,0,0,1,0,0,0
32,0,0,0,0,1,1
35,0,1,0,0,0,1
23,0,0,1,0,0,1
41,0,0,1,0,0,0
25,20,0,0,0,1,1
35,1,0,0,0,1,0
25,0,0,0,0,1,1
69,0,0,0,0,1,1
24,0,1,0,0,0,0
21,0,0,0,1,0,1
28,0,1,0,0,0,0
47,0,0,0,0,1,1
59,0,0,1,0,0,0
29,1,0,0,0,1,1
36,0,0,0,0,1,1
26,0,0,0,0,1,1
31,0,1,0,0,0,0
32,0,0,0,0,1,1
27,0,0,0,1,0,1
28,0,1,0,0,0,0
48,0,0,1,0,0,1
23,0,0,0,1,0,1
44,0,1,0,0,0,0
42,0,0,0,0,1,0
39,0,0,0,0,1,0
46,0,0,0,1,0,0
55,0,1,0,0,0,0
27,0,0,0,0,1,1
31,0,1,0,0,0,0
25,0,1,0,0,0,0
32,2,0,0,0,1,0
36,0,0,0,1,0,0
21,0,0,0,1,0,1
39,0,0,0,1,0,0
26,0,1,0,0,0,0
28,0,0,0,0,1,1
67,0,0,0,1,0,1
22,0,1,0,0,0,0
37,0,0,0,1,0,0
23,0,0,0,1,0,1
49,0,0,0,0,1,1
32,0,0,0,0,1,1
41,0,0,0,0,1,0
25,0,0,1,0,0,0
57,0,0,0,1,0,0
58,0,1,0,0,0,0
44,2,0,0,0,1,1
28,0,0,1,0,0,0
39,0,1,0,0,0,1
54,0,1,0,0,0,0
21,0,1,0,0,0,1
43,0,1,0,0,0,0
31,0,0,0,0,1,0
30,5,0,0,0,1,0
27,4,0,0,0,1,1
28,0,1,0,0,0,1
24,0,1,0,0,0,0
43,0,1,0,0,0,0
44,0,0,0,0,1,1
51,0,0,0,0,1,0
24,0,0,0,0,1,1
31,0,0,1,0,0,0
23,0,1,0,0,0,0
26,3,0,0,0,1,1
36,0,0,0,0,1,1
27,0,0,1,0,0,0
24,0,1,0,0,0,1
66,0,1,0,0,0,0
36,1,0,0,1,0,0
53,0,0,0,0,1,1
23,0,0,1,0,0,1
22,0,1,0,0,0,1
25,1,0,1,0,0,0
56,0,0,0,0,1,0
29,0,0,1,0,0,0
29,0,0,0,0,1,1
51,0,0,1,0,0,1
58,0,0,0,1,0,0
24,3,0,0,1,0,0
22,0,1,0,0,0,1
39,0,1,0,0,0,0
20,0,0,0,1,0,1
46,0,0,0,0,1,1
38,0,0,1,0,0,1
23,0,1,0,0,0,1
39,0,0,0,0,1,0
25,0,1,0,0,0,0
31,0,0,0,0,1,1
25,0,0,1,0,0,1
26,0,0,0,0,1,0
25,1,0,0,1,0,0
37,0,0,0,0,1,1
36,0,1,0,0,0,0
26,0,0,1,0,0,1
21,2,0,0,1,0,1
35,0,0,0,0,1,1
22,0,0,0,1,0,1
25,0,1,0,0,0,0
24,0,1,0,0,0,0
36,0,1,0,0,0,0
24,0,0,0,1,0,1
21,1,1,0,0,0,1
32,3,0,0,0,1,1
33,0,0,0,1,0,1
33,0,0,0,0,1,1
23,0,0,0,0,1,1
29,0,1,0,0,0,0
50,0,0,0,0,1,0
32,0,0,0,0,1,1
33,0,0,0,0,1,1
37,1,0,0,0,1,1
27,0,0,0,0,1,1
27,0,1,0,0,0,0
52,0,0,0,0,1,1
21,0,0,1,0,0,1
58,0,0,1,0,0,0
27,0,0,0,0,1,0
28,0,0,0,0,1,1
28,0,0,1,0,0,1
31,0,1,0,0,0,0
30,1,0,0,0,1,1
24,0,0,0,1,0,0
26,0,0,0,0,1,1
43,0,1,0,0,0,0
31,1,0,0,1,0,1
22,0,0,0,1,0,1
23,0,1,0,0,0,0
42,0,1,0,0,0,0
34,0,1,0,0,0,1
30,3,0,0,0,1,0
29,0,0,1,0,0,0
38,0,0,0,1,0,1
26,1,0,0,1,0,0
25,0,0,0,0,1,1
51,0,0,0,0,1,0
36,0,1,0,0,0,0
62,0,1,0,0,0,0
23,0,1,0,0,0,1
34,0,0,0,0,1,1
35,0,0,1,0,0,0
22,0,1,0,0,0,0
29,0,0,0,0,1,1
40,0,1,0,0,0,0
36,0,0,0,1,0,0
26,0,0,0,0,1,1
25,0,0,1,0,0,1
69,0,1,0,0,0,0
27,1,0,1,0,0,0
20,0,1,0,0,0,1
27,0,0,1,0,0,0
24,0,0,0,0,1,0
42,0,1,0,0,0,0
25,0,0,1,0,0,0
46,0,0,1,0,0,1
25,0,1,0,0,0,0
22,0,1,0,0,0,0
21,0,1,0,0,0,0
30,0,0,1,0,0,0
46,0,0,0,0,1,0
26,0,0,0,1,0,0
33,0,1,0,0,0,1
40,0,0,1,0,0,0
34,0,1,0,0,0,0
22,0,0,1,0,0,1
28,0,0,0,1,0,0
31,0,0,0,0,1,1
59,0,0,0,1,0,1
37,0,1,0,0,0,0
50,0,1,0,0,0,0
21,0,0,0,1,0,1
57,0,0,0,0,1,1
31,0,0,0,0,1,0
51,0,0,1,0,0,0
44,0,0,0,0,1,0
48,0,0,0,0,1,1
25,0,1,0,0,0,0
51,0,0,0,0,1,0
50,0,1,0,0,0,1
57,0,0,0,1,0,0
55,0,1,0,0,0,0
59,0,0,0,0,1,1
42,0,1,0,0,0,0
20,2,0,0,1,0,1
58,0,0,0,0,1,0
21,0,1,0,0,0,0
32,0,0,0,0,1,1
24,0,1,0,0,0,0
42,0,0,1,0,0,0
29,0,0,0,0,1,1
21,0,0,1,0,0,0
31,0,0,1,0,0,1
56,0,0,0,0,1,0
58,0,1,0,0,0,0
22,1,0,1,0,0,1
46,0,0,1,0,0,1
50,0,1,0,0,0,1
46,0,0,0,1,0,0
44,1,0,0,0,1,1
35,0,0,0,0,1,0
30,1,0,0,0,1,1
42,0,0,0,1,0,0
46,0,0,0,0,1,1
42,0,1,0,0,0,1
37,0,0,0,0,1,0
29,0,0,0,0,1,1
32,1,0,0,0,1,0
31,0,0,0,0,1,0
33,0,0,1,0,0,0
25,0,0,0,0,1,0
33,0,1,0,0,0,0
21,0,0,1,0,0,0
64,0,0,0,0,1,0
35,0,0,1,0,0,1
56,0,0,1,0,0,0
38,0,1,0,0,0,1
40,0,0,0,0,1,0
34,0,0,0,1,0,0
28,1,0,0,0,1,0
51,0,1,0,0,0,0
35,0,0,0,1,0,0
61,0,0,0,0,1,0
25,0,1,0,0,0,0
25,0,0,0,0,1,1
26,0,1,0,0,0,0
42,0,0,1,0,0,0
25,0,0,1,0,0,0
26,1,0,0,0,1,1
31,0,0,0,0,1,0
35,1,0,1,0,0,0
41,0,0,0,0,1,1
34,0,1,0,0,0,0
46,0,0,0,0,1,0
33,0,0,1,0,0,0
30,1,0,0,1,0,0
50,0,0,0,0,1,0
21,0,1,0,0,0,0
31,0,0,0,0,1,1
31,0,0,0,1,0,1
23,0,1,0,0,0,0
25,0,0,1,0,0,0
24,0,0,1,0,0,0
31,0,0,0,0,1,1
60,0,1,0,0,0,0
30,0,0,0,1,0,0
32,0,1,0,0,0,0
46,0,1,0,0,0,0
21,1,1,0,0,0,1
28,4,0,0,0,1,0
35,0,1,0,0,0,0
34,0,0,0,1,0,1
41,0,0,0,1,0,1
40,0,0,0,0,1,0
23,0,0,1,0,0,1
23,0,0,0,1,0,1
28,0,0,0,1,0,0
21,0,1,0,0,0,1
46,1,0,0,1,0,0
56,0,0,1,0,0,0
41,0,0,0,0,1,0
40,0,0,0,0,1,1
30,0,0,0,0,1,1
24,0,0,1,0,0,1
25,1,0,0,0,1,0
33,0,1,0,0,0,0
48,0,0,0,1,0,0
33,0,0,0,0,1,1
25,0,1,0,0,0,0
25,0,0,0,0,1,1
58,0,0,0,0,1,1
30,2,0,0,0,1,1
37,0,1,0,0,0,1
43,0,0,0,0,1,0
32,0,1,0,0,0,0
33,0,0,0,1,0,0
39,1,0,0,0,1,1
49,0,0,0,0,1,0
24,0,1,0,0,0,0
26,0,0,1,0,0,0
42,0,1,0,0,0,0
22,0,0,1,0,0,1
36,0,1,0,0,0,0
29,1,0,0,0,1,1
39,0,1,0,0,0,0
27,3,0,0,0,1,1
38,0,0,0,1,0,1
20,0,1,0,0,0,1
25,2,0,0,0,1,1
53,0,1,0,0,0,0
27,0,1,0,0,0,1
21,0,1,0,0,0,1
50,0,0,1,0,0,1
41,0,0,0,0,1,0
34,0,0,0,0,1,1
22,2,0,0,0,1,1
22,2,1,0,0,0,1
25,0,0,0,1,0,0
42,0,0,1,0,0,1
27,0,0,0,1,0,0
51,0,0,0,1,0,0
33,0,0,0,0,1,1
24,1,1,0,0,0,0
37,0,0,0,0,1,0
37,0,1,0,0,0,0
27,0,1,0,0,0,0
21,0,1,0,0,0,0
35,0,0,1,0,0,1
24,0,1,0,0,0,0
21,1,0,1,0,0,0
49,0,0,0,1,0,0
38,0,0,0,0,1,0
61,0,1,0,0,0,0
30,0,1,0,0,0,0
22,0,0,0,1,0,0
25,0,1,0,0,0,1
30,0,0,0,1,0,1
52,0,1,0,0,0,0
26,0,1,0,0,0,0
26,0,1,0,0,0,0
29,1,0,0,0,1,0
45,0,0,0,0,1,1
20,0,1,0,0,0,1
29,0,0,0,0,1,0
43,0,0,1,0,0,1
26,0,0,0,1,0,0
46,0,0,0,0,1,0
46,0,1,0,0,0,0
39,0,0,0,0,1,0
29,0,0,0,0,1,1
41,0,1,0,0,0,0
29,1,0,0,0,1,1
25,0,0,0,0,1,0
23,1,0,0,1,0,0
46,0,0,1,0,0,1
30,0,1,0,0,0,0
34,0,0,1,0,0,0
70,0,0,0,0,1,1
52,0,0,0,1,0,0
51,0,0,0,0,1,0
45,0,0,0,0,1,1
55,0,0,0,0,1,1
49,0,0,1,0,0,0
26,0,0,0,0,1,1
47,0,1,0,0,0,0
27,0,1,0,0,0,0
25,2,0,0,0,1,1
21,1,0,1,0,0,1
37,1,0,0,0,1,1
21,0,0,1,0,0,1
21,0,1,0,0,0,0
25,0,0,0,0,1,1
27,0,0,0,1,0,1
30,0,0,0,1,0,1
70,0,1,0,0,0,0
37,0,0,0,0,1,1
46,0,0,0,0,1,1
40,0,0,0,0,1,1
20,1,0,1,0,0,1
43,0,0,0,0,1,1
38,0,0,0,0,1,0
29,0,1,0,0,0,0
37,0,0,0,0,1,1
38,0,0,0,1,0,0
27,0,1,0,0,0,0
20,0,1,0,0,0,1
44,0,1,0,0,0,0
31,0,0,0,0,1,0
29,0,0,0,1,0,1
48,0,0,0,0,1,1
30,0,1,0,0,0,0
25,0,0,0,1,0,1
40,0,0,0,1,0,0
49,0,0,0,1,0,0
33,0,0,1,0,0,0
26,0,0,0,0,1,1
31,1,0,1,0,0,0
61,0,0,1,0,0,0
30,0,0,0,1,0,0
62,0,1,0,0,0,0
27,0,0,0,0,1,1
48,0,0,0,0,1,0
40,0,1,0,0,0,0
24,0,1,0,0,0,0
22,0,1,0,0,0,1
30,0,0,0,0,1,1
63,0,1,0,0,0,0
46,0,1,0,0,0,0
33,0,0,0,0,1,0
21,1,0,1,0,0,1
43,0,1,0,0,0,1
26,0,0,0,1,0,1
51,0,0,1,0,0,0
39,0,0,0,1,0,1
30,0,1,0,0,0,1
32,0,0,0,0,1,1
22,0,1,0,0,0,0
59,0,1,0,0,0,0
38,5,0,0,0,1,1
23,0,0,0,1,0,0
42,0,1,0,0,0,1
20,1,0,1,0,0,1
38,0,0,0,1,0,1
34,0,0,0,1,0,0
36,0,0,0,0,1,1
35,0,0,0,0,1,1
36,0,1,0,0,0,1
31,0,0,1,0,0,0
28,0,0,0,1,0,1
28,0,0,1,0,0,1
60,0,0,0,1,0,0
43,0,1,0,0,0,0
40,0,0,1,0,0,0
31,2,0,0,0,1,1
54,0,0,0,0,1,1
26,0,0,1,0,0,0
24,0,0,0,0,1,1
41,0,1,0,0,0,1
21,1,0,1,0,0,1
29,0,0,1,0,0,1
22,1,1,0,0,0,0
52,0,0,0,0,1,1
40,0,1,0,0,0,0
37,0,1,0,0,0,0
21,0,0,1,0,0,0
45,0,0,1,0,0,0
29,0,0,1,0,0,1
46,0,0,0,0,1,1
21,3,0,1,0,0,0
50,1,0,0,0,1,0
35,0,0,0,0,1,1
52,0,0,1,0,0,1
48,0,1,0,0,0,0
29,3,0,0,0,1,1
48,0,1,0,0,0,0
31,0,0,0,0,1,1
21,0,0,0,1,0,1
32,0,1,0,0,0,1
47,0,1,0,0,0,0
62,0,0,1,0,0,0
21,5,0,0,1,0,1
35,3,0,0,0,1,0
46,0,0,0,1,0,1
34,0,0,0,0,1,1
52,0,0,0,1,0,0
39,1,0,0,0,1,0
21,0,1,0,0,0,1
53,0,0,1,0,0,0
19,0,1,0,0,0,1
22,0,1,0,0,0,0
45,0,0,1,0,0,0
27,0,1,0,0,0,0
25,0,1,0,0,0,0
30,0,1,0,0,0,1
31,0,0,0,1,0,1
28,0,0,0,1,0,0
36,0,0,0,1,0,1
27,0,0,0,0,1,1
42,0,0,1,0,0,0
35,0,1,0,0,0,1
33,0,0,0,1,0,0
24,1,0,0,0,1,1
25,1,0,0,0,1,1
42,0,1,0,0,0,0
21,0,1,0,0,0,1
28,0,1,0,0,0,0
27,0,0,0,0,1,1
21,0,1,0,0,0,0
26,0,1,0,0,0,1
36,0,1,0,0,0,0
23,0,0,1,0,0,1
49,0,1,0,0,0,1
29,0,0,0,0,1,1
44,0,1,0,0,0,1
28,0,0,1,0,0,0
27,0,0,0,1,0,1
35,0,0,0,0,1,1
36,0,0,0,0,1,1
46,0,0,0,1,0,0
34,0,0,0,1,0,0
45,0,0,0,0,1,1
28,0,0,0,0,1,1
25,0,0,1,0,0,0
21,1,0,1,0,0,0
48,0,0,1,0,0,0
37,0,0,1,0,0,0
24,0,0,0,1,0,1
37,0,0,1,0,0,1
39,0,0,1,0,0,0
24,1,0,1,0,0,1
49,0,0,0,1,0,0
35,0,0,0,1,0,1
23,0,0,1,0,0,1
36,0,0,0,0,1,1
43,0,0,0,0,1,0
28,0,0,0,0,1,1
21,1,0,0,0,1,1
53,0,0,1,0,0,0
27,0,0,0,1,0,1
39,0,1,0,0,0,0
47,0,0,0,0,1,1
28,0,0,0,0,1,1
49,0,0,0,0,1,0
36,0,0,0,1,0,0
24,0,0,1,0,0,0
35,0,1,0,0,0,0
23,0,0,0,1,0,0
26,0,0,0,1,0,0
31,0,0,0,0,1,1
30,5,0,0,0,1,1
25,0,0,0,1,0,0
24,0,0,0,0,1,1
34,0,0,1,0,0,1
26,0,0,0,1,0,0
26,0,0,0,0,1,0
60,0,1,0,0,0,0
20,0,1,0,0,0,0
36,1,0,0,0,1,1
23,0,1,0,0,0,0
26,0,0,0,0,1,1
40,0,0,0,0,1,0
28,0,0,1,0,0,1
49,0,0,1,0,0,1
46,0,0,0,0,1,1
19,1,0,1,0,0,1
53,0,0,1,0,0,0
56,0,0,0,0,1,0
24,0,1,0,0,0,0
31,0,1,0,0,0,0
33,0,0,0,1,0,0
26,3,0,0,0,1,1
56,0,0,1,0,0,0
32,0,0,0,1,0,0
25,0,1,0,0,0,1
21,0,0,1,0,0,0
38,0,0,0,1,0,0
23,0,1,0,0,0,0
67,0,0,0,0,1,0
20,1,1,0,0,0,1
39,0,0,0,0,1,1
24,0,0,1,0,0,1
23,0,1,0,0,0,0
49,0,0,0,1,0,0
31,0,0,0,0,1,1
20,0,0,1,0,0,1
28,0,1,0,0,0,0
67,0,0,0,1,0,0
33,0,1,0,0,0,0
20,1,0,1,0,0,1
40,0,0,0,0,1,0
52,0,1,0,0,0,0
45,0,0,0,0,1,1
27,1,0,0,0,1,1
22,0,0,1,0,0,0
36,0,0,0,0,1,0
40,0,1,0,0,0,1
30,0,0,1,0,0,1
42,0,0,1,0,0,0
24,1,0,0,1,0,1
46,0,0,0,0,1,0
38,0,0,0,0,1,0
39,0,0,0,1,0,1
32,0,1,0,0,0,1
26,0,1,0,0,0,0
54,0,0,1,0,0,1
27,0,0,0,1,0,0
61,0,0,1,0,0,0
51,0,0,1,0,0,1
57,0,1,0,0,0,0
24,3,0,0,1,0,1
34,0,0,1,0,0,0
27,0,0,1,0,0,0
28,0,0,0,0,1,1
35,0,0,0,0,1,1
30,0,0,0,0,1,1
53,0,0,1,0,0,0
44,0,1,0,0,0,0
57,0,0,0,1,0,1
61,0,0,0,0,1,0
26,0,0,1,0,0,1
48,1,0,0,0,1,1
42,0,0,0,0,1,0
38,0,0,0,0,1,1
39,0,0,0,0,1,0
53,0,1,0,0,0,0
26,0,0,0,1,0,0
22,0,0,1,0,0,1
50,0,1,0,0,0,0
44,3,0,0,0,1,0
24,4,0,0,0,1,1
21,0,1,0,0,0,1
50,0,1,0,0,0,0
36,0,1,0,0,0,0
39,0,1,0,0,0,0
24,0,0,0,1,0,0
54,0,0,0,0,1,0
29,0,1,0,0,0,0
26,0,1,0,0,0,0
41,0,0,0,1,0,1
23,0,0,1,0,0,1
34,0,1,0,0,0,0
31,0,0,0,0,1,1
20,0,1,0,0,0,0
49,0,0,0,0,1,1
26,0,0,0,0,1,1
28,0,0,1,0,0,1
26,0,1,0,0,0,0
55,0,0,1,0,0,0
22,0,1,0,0,0,0
26,0,1,0,0,0,0
56,0,1,0,0,0,0
66,0,0,1,0,0,0
46,0,0,0,1,0,0
58,0,0,0,0,1,1
28,0,0,0,0,1,0
33,0,0,0,0,1,0
31,0,1,0,0,0,0
26,0,0,1,0,0,0
35,0,0,0,0,1,0
41,0,0,0,0,1,1
34,0,1,0,0,0,0
33,0,1,0,0,0,0
32,0,1,0,0,0,0
37,0,0,0,0,1,1
50,0,0,1,0,0,0
35,0,0,1,0,0,0
47,0,1,0,0,0,1
52,0,0,0,0,1,0
26,3,0,0,0,1,1
36,0,0,1,0,0,1
45,0,0,0,0,1,1
19,0,1,0,0,0,1
41,0,0,0,0,1,1
24,0,1,0,0,0,0
21,1,0,1,0,0,0
54,0,1,0,0,0,0
49,0,1,0,0,0,0
42,0,0,1,0,0,0
21,0,0,1,0,0,1
61,0,0,0,0,1,0
46,0,0,0,0,1,1
74,0,1,0,0,0,0
38,0,1,0,0,0,0
75,0,0,0,1,0,0
39,0,0,1,0,0,0
38,0,1,0,0,0,0
19,2,0,1,0,0,1
28,0,1,0,0,0,1
53,0,0,0,1,0,0
25,0,0,1,0,0,1
53,0,0,1,0,0,0
53,0,0,0,0,1,0
23,1,0,0,1,0,0
55,0,0,0,0,1,1
64,0,0,1,0,0,0
23,0,0,1,0,0,1
38,0,0,1,0,0,0
23,2,0,0,0,1,1
41,0,1,0,0,0,0
53,0,1,0,0,0,0
34,0,1,0,0,0,0
24,0,1,0,0,0,1
26,0,0,1,0,0,0
44,0,0,0,0,1,0
27,0,1,0,0,0,0
28,0,0,0,0,1,0
55,0,0,1,0,0,0
22,0,0,0,1,0,0
36,0,0,0,0,1,0
29,0,0,0,0,1,1
23,0,0,1,0,0,0
56,0,0,1,0,0,0
27,0,0,0,1,0,1
37,0,0,1,0,0,0
32,0,0,1,0,0,1
41,2,0,0,0,1,1
22,0,0,1,0,0,1
37,0,0,1,0,0,1
45,0,0,0,1,0,0
31,0,0,0,0,1,0
42,0,0,0,0,1,1
26,4,0,0,0,1,1
33,0,1,0,0,0,1
22,0,1,0,0,0,1
32,0,0,0,1,0,1
36,0,0,1,0,0,0
54,0,1,0,0,0,0
25,3,0,0,0,1,1
24,0,0,0,1,0,1
23,0,1,0,0,0,0
61,0,1,0,0,0,0
42,0,1,0,0,0,0
28,0,0,1,0,0,1
27,0,0,1,0,0,0
24,0,0,0,1,0,0
33,0,0,0,0,1,0
32,0,0,0,0,1,1
38,0,1,0,0,0,0
21,2,0,1,0,0,0
27,0,0,1,0,0,1
39,0,1,0,0,0,0
29,0,1,0,0,0,0
29,0,0,1,0,0,0
65,0,0,0,0,1,0
36,0,0,1,0,0,1
46,0,1,0,0,0,1
44,1,0,0,0,1,0
27,0,1,0,0,0,0
27,0,0,0,0,1,1
61,0,1,0,0,0,0
47,0,1,0,0,0,1
27,0,0,1,0,0,0
28,0,1,0,0,0,1
31,0,0,1,0,0,1
26,0,0,0,0,1,1
53,0,0,0,1,0,1
26,0,0,1,0,0,1
25,0,0,0,1,0,0
23,0,0,0,0,1,1
21,4,0,0,0,1,1
23,0,0,1,0,0,0
30,2,0,0,1,0,0
45,0,0,0,1,0,0
27,0,0,0,1,0,1
57,0,0,0,0,1,1
44,0,0,0,0,1,1
26,0,1,0,0,0,0
21,0,1,0,0,0,1
63,0,0,1,0,0,0
62,0,1,0,0,0,0
48,0,1,0,0,0,0
53,0,0,1,0,0,0
62,0,0,0,1,0,1
28,2,0,0,0,1,0
56,0,0,1,0,0,0
35,0,0,0,1,0,0
56,0,0,0,1,0,1
22,1,0,0,1,0,1
26,0,0,0,0,1,1
35,0,0,0,0,1,0
22,0,0,1,0,0,1
60,0,0,0,1,0,0
37,1,0,0,0,1,0
32,0,1,0,0,0,0
33,0,0,0,1,0,1
38,0,0,0,1,0,1
53,0,1,0,0,0,0
32,0,1,0,0,0,0
26,0,1,0,0,0,0
61,0,1,0,0,0,0
21,0,1,0,0,0,0
69,0,0,0,0,1,0
26,0,1,0,0,0,0
30,0,0,0,0,1,1
21,0,0,1,0,0,0
41,0,1,0,0,0,0
45,0,1,0,0,0,1
31,4,0,0,0,1,1
22,0,1,0,0,0,0
54,0,1,0,0,0,1
50,0,0,0,1,0,1
50,0,0,0,0,1,0
37,2,0,0,0,1,0
21,0,1,0,0,0,1
23,0,0,0,0,1,1
30,0,1,0,0,0,1
53,0,0,0,1,0,0
30,0,0,0,0,1,1
26,0,0,0,0,1,0
30,0,0,1,0,0,1
59,0,1,0,0,0,0
29,0,0,0,0,1,1
67,0,1,0,0,0,0
30,0,0,0,0,1,1
25,0,0,0,0,1,1
45,0,0,0,0,1,0
35,0,0,0,0,1,0
22,1,1,0,0,0,0
41,0,0,0,0,1,1
46,0,0,0,1,0,1
27,0,1,0,0,0,0
37,0,0,0,0,1,0
22,2,1,0,0,0,1
19,0,1,0,0,0,1
45,0,0,0,1,0,0
33,0,0,0,0,1,1
52,0,0,0,0,1,0
21,0,1,0,0,0,0
43,0,0,0,0,1,1
33,0,0,0,1,0,0
26,1,0,0,1,0,1
37,0,1,0,0,0,0
38,0,0,1,0,0,1
35,0,0,1,0,0,1
27,0,0,1,0,0,1
40,0,0,1,0,0,0
21,1,0,1,0,0,0
38,0,0,0,1,0,1
37,0,1,0,0,0,0
24,0,0,1,0,0,0
44,0,1,0,0,0,0
30,0,1,0,0,0,0
40,0,1,0,0,0,0
49,0,0,1,0,0,0
67,0,1,0,0,0,0
59,0,0,0,0,1,1
21,1,0,1,0,0,1
31,0,0,0,0,1,0
50,0,0,0,1,0,1
30,0,0,0,0,1,0
28,0,0,1,0,0,0
48,0,0,0,0,1,1
55,0,1,0,0,0,0
24,0,0,1,0,0,0
42,0,1,0,0,0,0
34,0,1,0,0,0,1
43,0,0,0,0,1,1
44,0,1,0,0,0,0
25,0,1,0,0,0,0
29,1,0,0,0,1,1
25,0,0,0,1,0,1
32,0,1,0,0,0,1
96,0,0,0,1,0,1
35,0,0,0,0,1,1
29,0,1,0,0,0,0
27,2,0,0,0,1,1
41,0,0,0,1,0,0
31,0,1,0,0,0,0
24,0,0,1,0,0,1
34,0,1,0,0,0,1
48,0,0,0,1,0,1
41,0,0,1,0,0,0
26,1,0,0,0,1,1
42,0,1,0,0,0,1
29,0,1,0,0,0,0
26,0,1,0,0,0,0
27,0,0,1,0,0,0
35,0,0,0,0,1,0
54,0,0,1,0,0,0
24,0,0,0,1,0,1
20,0,1,0,0,0,0
27,0,1,0,0,0,0
21,0,0,1,0,0,0
27,2,0,0,0,1,1
34,1,0,0,0,1,1
27,0,0,0,0,1,0
54,0,1,0,0,0,0
29,0,0,0,1,0,1
39,0,0,1,0,0,0
22,2,0,0,1,0,0
33,0,1,0,0,0,0
25,0,0,0,1,0,1
40,0,0,0,0,1,1
35,0,1,0,0,0,0
28,0,1,0,0,0,1
53,0,1,0,0,0,0
28,1,0,0,1,0,0
26,0,1,0,0,0,0
30,0,0,1,0,0,0
31,1,0,0,1,0,0
24,0,0,0,1,0,1
45,0,0,0,0,1,1
33,0,0,1,0,0,0
28,0,0,1,0,0,0
45,0,0,1,0,0,1
22,0,0,1,0,0,0
33,0,0,0,1,0,1
23,4,0,0,0,1,1
36,0,0,0,0,1,0
22,0,1,0,0,0,0
45,0,0,1,0,0,0
28,0,0,0,1,0,1
37,0,0,0,1,0,0
52,0,1,0,0,0,0
26,0,1,0,0,0,0
28,0,0,0,0,1,1
33,0,0,0,1,0,0
23,1,0,0,1,0,1
31,1,0,0,1,0,1
55,0,1,0,0,0,0
24,2,0,0,1,0,1
37,0,0,0,1,0,0
41,0,1,0,0,0,0
26,0,1,0,0,0,0
41,0,0,0,0,1,0
33,0,0,0,0,1,0
47,0,1,0,0,0,1
23,0,1,0,0,0,0
27,0,0,1,0,0,0
24,0,1,0,0,0,1
23,0,0,0,1,0,0
30,1,0,0,0,1,0
55,0,0,1,0,0,0
26,0,0,0,0,1,1
41,1,0,0,0,1,0
35,0,1,0,0,0,0
26,0,0,0,0,1,1
20,0,0,1,0,0,0
24,0,0,0,1,0,1
31,2,0,0,0,1,1
22,1,0,0,1,0,0
55,0,1,0,0,0,1
33,0,0,0,0,1,1
44,0,0,0,0,1,1
41,0,0,0,0,1,1
56,0,0,0,0,1,0
21,0,0,1,0,0,0
36,0,0,1,0,0,1
48,0,0,1,0,0,0
27,0,0,0,0,1,1
56,0,0,0,0,1,1
39,0,0,0,1,0,0
31,0,1,0,0,0,0
25,0,1,0,0,0,0
51,0,0,1,0,0,0
28,0,0,0,1,0,0
30,0,1,0,0,0,1
19,0,1,0,0,0,1
20,0,1,0,0,0,1
57,0,1,0,0,0,0
51,0,0,0,0,1,1
27,0,0,0,0,1,1
26,2,1,0,0,0,0
23,0,0,0,1,0,1
35,1,0,0,0,1,1
41,0,0,1,0,0,0
37,0,0,0,0,1,0
48,0,1,0,0,0,0
21,1,1,0,0,0,0
19,3,0,0,1,0,1
21,0,0,1,0,0,1
29,1,0,1,0,0,0
52,0,0,1,0,0,0
23,0,0,0,0,1,1
22,0,1,0,0,0,1
19,2,0,1,0,0,1
41,0,0,1,0,0,1
25,0,0,1,0,0,1
54,0,1,0,0,0,1
25,4,0,0,0,1,1
30,0,1,0,0,0,1
40,0,0,0,0,1,0
22,0,1,0,0,0,0
50,0,0,0,0,1,0
35,0,0,0,1,0,0
28,0,0,0,0,1,1
21,0,1,0,0,0,0
38,0,0,0,0,1,1
27,0,1,0,0,0,0
22,0,1,0,0,0,1
38,0,0,0,0,1,1
32,2,0,0,0,1,1
32,0,1,0,0,0,0
59,0,1,0,0,0,0
30,0,0,0,0,1,1
20,0,1,0,0,0,1
59,0,1,0,0,0,0
44,0,0,1,0,0,1
26,2,0,0,0,1,1
30,1,0,0,0,1,1
35,0,0,0,1,0,0
25,2,0,0,1,0,1
44,0,1,0,0,0,0
40,0,0,0,0,1,0
31,0,1,0,0,0,1
32,0,1,0,0,0,0
37,0,0,0,0,1,1
22,1,0,0,1,0,0
38,0,0,0,0,1,1
34,0,0,0,1,0,0
30,1,0,0,0,1,0
38,0,1,0,0,0,1
36,0,0,0,0,1,1
46,0,1,0,0,0,0
22,2,1,0,0,0,1
35,0,0,0,1,0,1
35,0,1,0,0,0,0
20,0,0,1,0,0,1
30,0,0,0,0,1,1
34,0,0,0,0,1,1
31,0,0,0,1,0,1
32,0,1,0,0,0,1
31,2,0,0,0,1,1
22,2,0,0,1,0,1
31,0,1,0,0,0,0
36,0,0,0,0,1,1
39,0,0,0,1,0,0
51,0,0,0,0,1,1
35,0,0,0,0,1,1
30,0,0,1,0,0,1
35,1,1,0,0,0,0
23,0,1,0,0,0,1
43,0,0,0,1,0,1
37,0,1,0,0,0,0
25,2,0,0,1,0,0
33,0,0,0,0,1,1
27,0,1,0,0,0,0
47,0,0,0,1,0,0
46,0,0,0,0,1,0
27,0,1,0,0,0,0
34,0,1,0,0,0,1
30,0,0,0,0,1,1
25,0,1,0,0,0,0
26,1,0,0,0,1,0
25,0,0,1,0,0,1
60,0,0,0,0,1,0
49,0,1,0,0,0,1
30,0,0,0,0,1,1
21,0,1,0,0,0,0
25,0,0,0,0,1,1
53,0,0,1,0,0,0
21,0,1,0,0,0,1
29,0,0,1,0,0,0
29,0,0,0,0,1,0
21,0,1,0,0,0,0
24,0,0,0,1,0,1
53,0,0,0,0,1,1
51,0,0,0,1,0,0
29,0,0,1,0,0,0
24,0,1,0,0,0,0
24,10,0,0,1,0,1
37,0,0,0,0,1,0
20,0,1,0,0,0,1
54,0,0,0,1,0,0
51,0,0,0,0,1,0
53,0,0,1,0,0,0
31,0,0,0,1,0,0
25,0,0,0,0,1,0
38,0,1,0,0,0,0
22,2,0,0,1,0,1
21,0,0,1,0,0,0
21,0,0,1,0,0,1
27,2,0,0,0,1,1
28,1,0,0,0,1,1
49,0,0,0,0,1,1
52,0,0,0,0,1,1
25,0,0,1,0,0,0
56,0,0,0,1,0,0
34,0,0,0,0,1,0
35,0,0,0,0,1,0
23,0,0,1,0,0,1
22,2,1,0,0,0,0
23,0,1,0,0,0,1
30,0,0,0,0,1,0
42,0,0,1,0,0,1
50,2,0,0,0,1,1
54,0,0,0,0,1,1
37,0,0,0,0,1,1
37,0,1,0,0,0,0
23,0,0,1,0,0,0
41,0,1,0,0,0,0
50,1,0,0,0,1,0
41,0,0,0,0,1,1
26,0,0,0,1,0,1
40,0,0,0,0,1,1
23,0,0,0,1,0,1
55,0,0,1,0,0,1
24,0,1,0,0,0,1
33,1,0,0,0,1,1
23,0,1,0,0,0,0
37,0,0,1,0,0,1
64,0,1,0,0,0,0
51,0,1,0,0,0,0
40,0,0,0,0,1,1
43,0,0,1,0,0,0
35,0,0,0,1,0,1
22,0,0,1,0,0,1
29,0,0,0,1,0,0
57,0,1,0,0,0,0
20,3,0,1,0,0,1
37,0,0,1,0,0,1
23,0,1,0,0,0,0
23,0,0,0,1,0,1
36,0,0,0,0,1,1
55,0,0,1,0,0,0
53,0,0,0,0,1,1
21,0,0,1,0,0,1
27,0,0,0,1,0,1
28,1,0,0,0,1,1
26,0,0,1,0,0,1
25,0,0,1,0,0,0
66,0,1,0,0,0,0
28,0,0,0,1,0,0
21,0,1,0,0,0,1
24,0,1,0,0,0,0
60,0,0,0,0,1,1
37,0,0,0,1,0,1
23,0,0,0,1,0,1
73,0,1,0,0,0,0
44,0,1,0,0,0,0
42,0,1,0,0,0,0
40,0,0,0,0,1,0
28,0,1,0,0,0,1
21,0,1,0,0,0,0
56,0,1,0,0,0,1
42,0,0,0,1,0,0
32,1,0,0,0,1,1
50,0,0,1,0,0,0
34,0,1,0,0,0,0
47,0,0,1,0,0,1
58,0,0,0,1,0,0
48,0,0,0,1,0,0
20,0,1,0,0,0,0
53,0,0,0,0,1,1
29,0,1,0,0,0,0
38,0,0,1,0,0,0
43,0,1,0,0,0,0
35,0,0,1,0,0,0
25,0,0,0,1,0,1
53,0,0,1,0,0,1
22,3,1,0,0,0,0
32,0,0,1,0,0,0
26,0,0,0,0,1,1
48,0,1,0,0,0,0
23,0,0,0,0,1,1
71,0,0,1,0,0,0
61,0,1,0,0,0,0
22,0,0,0,1,0,0
29,0,0,1,0,0,1
54,0,0,1,0,0,0
24,2,0,0,0,1,0
28,0,1,0,0,0,0
25,0,0,0,1,0,0
22,0,0,1,0,0,0
24,0,0,0,1,0,1
35,0,1,0,0,0,0
21,0,1,0,0,0,0
49,0,0,1,0,0,0
26,0,0,0,0,1,1
30,1,0,0,0,1,1
32,1,0,1,0,0,1
30,0,0,0,0,1,1
21,0,0,1,0,0,0
64,0,0,0,0,1,0
26,0,0,1,0,0,0
45,1,0,0,0,1,1
37,0,0,0,1,0,0
34,0,0,1,0,0,1
60,0,0,0,0,1,0
58,0,1,0,0,0,0
27,0,1,0,0,0,0
30,0,1,0,0,0,1
25,2,1,0,0,0,0
60,0,0,0,0,1,1
56,0,0,0,0,1,0
33,0,0,0,1,0,0
25,1,0,0,0,1,1
47,0,0,0,0,1,0
32,0,0,0,0,1,1
24,0,0,0,1,0,1
23,1,0,0,1,0,1
23,0,0,0,1,0,1
25,0,0,1,0,0,1
20,0,1,0,0,0,0
32,4,0,0,0,1,0
49,0,1,0,0,0,0
22,0,0,1,0,0,0
24,0,1,0,0,0,0
26,0,0,0,0,1,1
29,0,0,0,0,1,0
20,1,0,1,0,0,1
49,0,0,1,0,0,0
29,0,0,1,0,0,1
18,3,0,0,1,0,1
22,0,1,0,0,0,0
34,3,0,0,0,1,0
26,0,0,0,1,0,0
21,0,1,0,0,0,1
54,0,0,0,1,0,0
59,0,0,1,0,0,0
22,1,1,0,0,0,1
24,0,0,1,0,0,1
64,0,0,0,0,1,0
45,0,0,1,0,0,1
22,0,1,0,0,0,0
24,0,0,0,0,1,1
30,0,0,0,1,0,1
27,0,1,0,0,0,0
20,2,1,0,0,0,0
29,0,1,0,0,0,1
28,0,0,0,0,1,1
37,0,1,0,0,0,0
25,0,0,0,1,0,0
23,1,0,0,1,0,1
32,0,1,0,0,0,0
44,0,0,1,0,0,0
41,0,0,0,0,1,0
30,0,0,0,1,0,0
27,0,0,0,1,0,1
32,0,1,0,0,0,1
40,2,0,0,0,1,1
23,0,0,1,0,0,0
34,0,0,0,1,0,0
33,0,0,1,0,0,0
33,0,0,0,1,0,0
33,0,0,0,1,0,0
33,0,1,0,0,0,0
41,0,0,0,1,0,1
37,0,0,1,0,0,0
28,0,0,0,0,1,0
25,0,1,0,0,0,1
51,0,0,0,0,1,1
30,0,0,1,0,0,0
47,0,1,0,0,0,0
24,0,1,0,0,0,1
37,0,0,0,0,1,0
31,0,0,0,0,1,1
30,0,0,1,0,0,0
52,0,1,0,0,0,1
25,1,0,0,0,1,1
60,0,0,0,0,1,0
46,0,0,0,0,1,0
62,0,0,0,1,0,0
57,0,0,0,0,1,1
36,0,1,0,0,0,1
24,1,0,0,1,0,1
37,0,0,0,1,0,1
25,3,0,0,0,1,0
21,1,1,0,0,0,1
38,0,1,0,0,0,0
29,0,0,0,0,1,1
52,0,1,0,0,0,1
29,0,0,0,0,1,0
59,0,0,0,0,1,1
39,0,0,0,1,0,0
48,0,0,1,0,0,0
31,0,0,0,1,0,1
20,2,0,1,0,0,1
50,0,1,0,0,0,0
27,0,0,0,0,1,1
27,0,1,0,0,0,0
31,0,0,0,0,1,1
32,0,0,0,1,0,0
24,0,0,0,1,0,0
24,0,0,0,0,1,1
30,0,1,0,0,0,1
21,2,0,0,1,0,0
41,0,1,0,0,0,0
38,0,0,1,0,0,0
32,0,0,0,1,0,1
27,0,0,0,0,1,0
24,0,0,1,0,0,0
69,0,1,0,0,0,1
25,0,0,1,0,0,0
55,0,1,0,0,0,1
28,1,0,0,0,1,1
27,0,1,0,0,0,1
20,0,0,1,0,0,1
36,0,0,0,1,0,1
39,2,0,0,0,1,1
25,2,0,0,0,1,1
35,0,0,1,0,0,0
32,4,0,0,0,1,1
69,0,1,0,0,0,0
21,1,0,1,0,0,0
41,0,0,1,0,0,0
21,0,1,0,0,0,0
38,0,1,0,0,0,0
21,0,0,1,0,0,1
31,0,0,0,0,1,0
35,0,0,0,1,0,1
34,0,0,0,0,1,0
52,0,1,0,0,0,0
21,0,1,0,0,0,0
43,0,0,0,0,1,0
32,0,1,0,0,0,0
49,0,0,0,0,1,1
21,0,1,0,0,0,0
28,0,0,0,0,1,1
65,0,0,1,0,0,0
27,0,1,0,0,0,0
29,0,0,0,0,1,1
48,0,0,0,0,1,1
25,1,0,1,0,0,0
20,0,1,0,0,0,1
49,0,0,0,0,1,1
42,0,0,0,0,1,0
63,0,0,0,0,1,0
40,0,1,0,0,0,0
34,0,1,0,0,0,0
21,0,0,1,0,0,1
27,0,0,1,0,0,0
29,0,1,0,0,0,0
35,0,1,0,0,0,1
32,0,0,0,0,1,1
50,0,1,0,0,0,0
31,0,0,1,0,0,0
47,0,1,0,0,0,0
44,0,0,0,1,0,0
44,0,0,0,0,1,1
56,0,1,0,0,0,0
23,0,1,0,0,0,0
54,0,0,0,0,1,0
21,2,0,1,0,0,1
38,0,0,0,0,1,0
25,0,1,0,0,0,1
44,0,0,0,1,0,1
52,0,0,0,1,0,1
52,0,1,0,0,0,1
21,0,1,0,0,0,1
31,0,0,0,0,1,0
30,0,0,0,0,1,1
39,0,0,1,0,0,0
56,0,0,0,0,1,0
35,0,0,0,0,1,1
39,0,0,1,0,0,0
29,0,1,0,0,0,0
28,0,0,0,1,0,0
23,0,0,0,1,0,1
26,0,1,0,0,0,0
64,0,0,1,0,0,1
51,1,0,0,0,1,0
58,0,1,0,0,0,0
20,2,0,1,0,0,1
21,0,1,0,0,0,1
21,0,1,0,0,0,0
23,0,1,0,0,0,0
46,0,0,0,1,0,0
25,14,0,0,0,1,1
35,0,0,0,0,1,0
34,0,0,0,0,1,0
30,0,1,0,0,0,0
47,0,0,1,0,0,0
30,0,0,0,0,1,0
33,0,1,0,0,0,0
47,0,0,1,0,0,0
42,0,0,0,0,1,1
39,0,0,1,0,0,1
50,0,0,0,0,1,1
30,0,0,0,1,0,1
24,2,0,1,0,0,0
22,0,0,0,1,0,0
45,0,0,0,1,0,0
26,0,0,0,1,0,1
39,0,0,0,1,0,0
40,0,0,1,0,0,0
24,0,1,0,0,0,0
23,1,0,1,0,0,0
61,0,1,0,0,0,0
42,0,0,0,1,0,1
38,0,0,0,1,0,1
67,0,1,0,0,0,1
23,0,0,0,1,0,0
31,0,0,1,0,0,1
40,1,0,0,0,1,0
44,0,1,0,0,0,0
37,0,0,0,0,1,1
22,1,0,0,1,0,0
31,0,0,0,0,1,1
28,0,0,0,0,1,1
57,0,0,0,1,0,0
24,0,0,0,0,1,0
33,0,0,0,0,1,0
30,5,0,0,0,1,1
31,1,0,0,0,1,0
56,0,0,0,0,1,0
67,0,0,0,1,0,0
35,0,1,0,0,0,1
57,0,0,0,0,1,1
39,0,0,0,0,1,1
65,0,0,0,1,0,0
22,0,1,0,0,0,0
35,0,0,0,1,0,0
29,1,0,0,1,0,1
37,0,0,0,1,0,1
62,0,0,0,0,1,1
22,0,0,0,0,1,1
31,0,0,0,0,1,0
22,0,1,0,0,0,1
31,0,0,0,0,1,1
56,0,0,1,0,0,0
25,0,0,0,1,0,0
33,0,0,0,0,1,0
25,0,0,0,1,0,0
27,0,0,0,1,0,0
37,0,0,1,0,0,0
41,0,0,0,1,0,0
35,1,0,0,0,1,0
25,0,0,1,0,0,1
55,0,1,0,0,0,0
24,0,0,1,0,0,0
26,0,0,0,1,0,1
35,0,0,0,0,1,0
50,0,0,0,1,0,1
30,0,0,1,0,0,0
25,0,0,0,1,0,1
65,0,0,1,0,0,1
31,0,1,0,0,0,1
24,0,1,0,0,0,0
34,0,0,0,0,1,1
24,0,0,0,1,0,1
30,1,0,0,0,1,0
35,0,1,0,0,0,0
30,0,0,0,0,1,1
24,0,0,1,0,0,0
51,0,0,0,1,0,1
28,0,0,0,1,0,0
27,0,0,0,0,1,1
50,0,0,0,0,1,0
22,0,0,0,1,0,1
29,0,0,0,1,0,1
31,0,1,0,0,0,0
31,0,1,0,0,0,0
32,0,0,0,1,0,0
27,0,0,1,0,0,1
29,0,0,0,0,1,1
59,0,0,0,1,0,0
24,0,0,1,0,0,1
27,0,0,1,0,0,0
33,0,1,0,0,0,0
35,0,1,0,0,0,0
28,0,0,0,0,1,1
40,0,1,0,0,0,0
53,0,0,0,1,0,0
45,0,1,0,0,0,0
24,2,0,0,0,1,1
31,4,0,0,0,1,1
25,0,1,0,0,0,0
24,0,1,0,0,0,1
24,0,1,0,0,0,0
23,0,0,0,0,1,0
23,1,0,0,0,1,1
47,0,0,0,1,0,0
48,0,1,0,0,0,0
35,0,1,0,0,0,0
24,0,0,0,1,0,1
62,0,1,0,0,0,0
52,0,0,0,0,1,0
25,0,0,0,0,1,1
25,0,0,1,0,0,0
49,0,0,1,0,0,0
50,0,1,0,0,0,1
47,0,0,0,1,0,1
37,0,0,0,0,1,0
26,0,1,0,0,0,0
28,2,0,0,0,1,0
26,0,0,0,1,0,1
48,0,0,0,0,1,0
25,0,0,1,0,0,0
20,1,0,1,0,0,1
34,0,0,0,0,1,1
26,0,0,1,0,0,0
46,2,0,0,0,1,1
21,1,1,0,0,0,1
27,0,0,0,1,0,1
21,2,0,0,1,0,1
29,0,0,1,0,0,0
46,0,0,0,0,1,0
24,0,1,0,0,0,0
51,0,0,0,1,0,0
57,0,0,0,0,1,1
33,0,0,0,0,1,1
23,1,0,0,0,1,1
29,0,0,0,0,1,0
22,0,1,0,0,0,1
56,0,0,0,0,1,1
33,0,0,1,0,0,1
27,0,1,0,0,0,1
31,0,0,1,0,0,0
40,0,0,0,1,0,1
48,0,1,0,0,0,0
32,3,0,0,0,1,1
68,0,0,1,0,0,0
24,0,0,1,0,0,0
32,0,0,1,0,0,0
19,1,0,0,1,0,1
56,0,0,0,0,1,0
23,0,0,0,0,1,1
39,7,0,0,0,1,1
25,0,0,1,0,0,0
42,0,0,0,0,1,1
29,0,0,1,0,0,0
38,0,0,0,1,0,0
32,3,0,0,0,1,1
23,0,0,0,0,1,1
58,0,0,0,0,1,1
42,0,0,0,0,1,1
52,0,0,0,1,0,0
26,0,0,1,0,0,1
27,0,0,1,0,0,0
33,0,0,1,0,0,0
33,0,0,0,1,0,1
23,0,1,0,0,0,1
25,1,0,0,0,1,1
32,0,1,0,0,0,1
34,0,0,0,0,1,1
29,0,1,0,0,0,0
38,0,0,0,0,1,1
29,0,1,0,0,0,0
27,0,0,0,0,1,1
25,0,1,0,0,0,1
31,2,0,0,1,0,1
30,0,0,0,0,1,1
41,0,1,0,0,0,0
59,0,0,0,0,1,0
21,0,0,1,0,0,1
33,0,0,0,0,1,1
27,0,0,0,0,1,1
30,0,1,0,0,0,0
43,0,0,0,0,1,0
24,1,0,0,1,0,0
45,0,0,0,0,1,1
23,1,1,0,0,0,1
40,0,0,0,0,1,0
23,0,1,0,0,0,0
39,0,0,0,1,0,0
26,0,0,0,0,1,1
26,0,1,0,0,0,0
21,0,1,0,0,0,0
30,2,0,0,1,0,0
44,0,1,0,0,0,0
21,0,0,1,0,0,1
23,0,1,0,0,0,0
49,0,0,1,0,0,0
23,0,0,0,1,0,1
24,0,0,1,0,0,1
21,0,0,1,0,0,1
37,0,0,0,0,1,1
21,0,0,1,0,0,1
28,0,0,0,1,0,1
42,0,0,0,1,0,0
23,2,0,0,0,1,1
24,0,0,0,1,0,1
31,0,1,0,0,0,0
24,1,0,0,1,0,1
25,0,0,1,0,0,0
55,0,0,0,0,1,0
33,0,0,1,0,0,1
26,4,0,0,0,1,1
27,0,0,1,0,0,0
26,0,0,0,1,0,0
21,0,1,0,0,0,1
27,0,1,0,0,0,0
46,0,1,0,0,0,0
38,0,0,1,0,0,1
24,0,1,0,0,0,0
38,0,1,0,0,0,0
27,0,0,0,0,1,1
48,0,0,0,0,1,0
31,0,0,0,1,0,1
28,0,0,0,0,1,1
30,0,0,0,0,1,0
25,1,0,0,0,1,1
27,0,0,0,0,1,1
55,0,1,0,0,0,0
25,0,0,1,0,0,0
40,0,0,0,0,1,1
21,0,1,0,0,0,1
50,0,0,0,0,1,1
28,1,0,0,0,1,1
20,1,0,0,1,0,1
33,1,0,0,0,1,1
31,5,0,0,0,1,1
57,0,1,0,0,0,0
25,0,1,0,0,0,0
22,4,0,0,0,1,1
31,0,0,0,1,0,1
43,0,0,0,0,1,0
25,0,1,0,0,0,0
39,0,0,1,0,0,0
40,0,0,1,0,0,0
20,0,1,0,0,0,1
35,0,0,0,1,0,0
34,0,0,1,0,0,1
27,1,0,0,0,1,1
37,0,0,1,0,0,1
38,0,0,0,1,0,1
21,0,1,0,0,0,1
25,0,1,0,0,0,1
53,0,0,0,0,1,1
50,0,0,0,0,1,0
23,0,0,1,0,0,0
27,1,0,0,1,0,1
22,0,1,0,0,0,1
27,0,1,0,0,0,1
29,0,0,0,0,1,1
38,0,0,1,0,0,0
54,0,0,0,1,0,0
26,0,0,1,0,0,1
37,14,0,0,0,1,1
36,3,0,0,0,1,1
28,0,0,0,0,1,1
49,0,0,1,0,0,0
36,0,0,0,0,1,0
26,0,0,0,1,0,0
41,0,1,0,0,0,0
26,1,0,0,0,1,1
40,1,0,0,0,1,0
29,1,0,0,0,1,0
21,1,0,0,0,1,1
22,0,1,0,0,0,1
33,0,1,0,0,0,0
26,0,0,0,0,1,0
27,0,1,0,0,0,1
35,0,0,1,0,0,0
27,0,0,0,1,0,0
37,0,0,0,1,0,1
31,0,0,0,1,0,0
36,1,0,0,0,1,1
32,0,1,0,0,0,0
50,0,0,1,0,0,0
52,0,0,1,0,0,0
24,0,0,1,0,0,0
38,0,1,0,0,0,0
54,0,0,0,0,1,0
71,0,0,0,0,1,0
27,8,0,0,0,1,1
39,0,0,1,0,0,0
34,0,0,1,0,0,1
23,0,1,0,0,0,1
46,1,0,0,0,1,1
36,0,0,0,0,1,1
55,0,1,0,0,0,0
33,0,0,1,0,0,0
45,0,1,0,0,0,1
27,0,1,0,0,0,0
23,3,0,0,1,0,1
20,1,0,1,0,0,1
31,2,0,0,0,1,0
24,0,0,0,0,1,0
37,0,0,0,1,0,1
25,0,1,0,0,0,1
26,0,1,0,0,0,0
29,0,1,0,0,0,0
33,0,0,0,1,0,0
29,0,1,0,0,0,0
41,0,0,0,0,1,1
37,0,1,0,0,0,1
46,0,0,0,1,0,0
56,0,0,0,0,1,1
23,0,1,0,0,0,1
23,0,0,1,0,0,1
25,0,1,0,0,0,1
24,0,0,1,0,0,1
35,0,0,0,0,1,0
48,0,0,0,0,1,0
26,0,0,1,0,0,1
24,0,0,0,1,0,1
25,2,0,0,0,1,0
23,0,1,0,0,0,1
43,0,0,0,1,0,0
53,0,1,0,0,0,0
24,0,0,1,0,0,1
25,1,0,0,0,1,0
28,0,1,0,0,0,0
21,0,0,1,0,0,0
31,0,1,0,0,0,0
33,0,0,0,1,0,1
35,0,0,1,0,0,0
55,0,0,0,1,0,0
50,0,0,0,0,1,1
28,0,1,0,0,0,0
44,0,1,0,0,0,1
48,0,0,0,1,0,0
19,4,0,0,1,0,1
23,0,0,0,1,0,0
24,1,0,0,1,0,1
50,0,0,0,1,0,0
31,0,1,0,0,0,0
28,0,1,0,0,0,1
42,0,1,0,0,0,0
21,0,1,0,0,0,1
29,0,0,0,0,1,0
48,0,0,1,0,0,0
21,0,1,0,0,0,1
24,0,1,0,0,0,1
31,0,0,0,1,0,1
23,0,1,0,0,0,0
27,0,1,0,0,0,1
32,0,1,0,0,0,0
75,0,0,1,0,0,1
28,0,0,0,0,1,1
67,0,1,0,0,0,0
32,0,0,0,0,1,0
44,0,0,0,0,1,0
25,0,0,1,0,0,1
30,0,0,0,0,1,1
28,1,0,0,0,1,0
27,0,1,0,0,0,1
36,0,0,0,0,1,0
36,0,0,0,0,1,0
25,0,1,0,0,0,0
31,0,0,0,0,1,1
30,0,1,0,0,0,1
33,0,0,0,0,1,0
38,0,1,0,0,0,0
26,0,0,1,0,0,1
52,0,0,0,0,1,1
22,0,0,0,1,0,1
50,0,1,0,0,0,0
37,0,0,0,0,1,0
58,0,0,1,0,0,1
34,0,0,0,1,0,1
32,0,0,1,0,0,1
29,0,1,0,0,0,1
27,0,1,0,0,0,0
39,0,0,0,0,1,0
24,0,1,0,0,0,0
38,1,0,0,0,1,0
52,0,0,0,0,1,0
56,0,0,0,1,0,1
46,0,0,0,0,1,1
38,0,0,0,0,1,1
47,0,0,0,1,0,0
32,0,1,0,0,0,0
34,1,0,0,0,1,0
42,0,0,0,0,1,0
35,0,1,0,0,0,1
20,0,1,0,0,0,1
32,0,0,0,1,0,1
21,1,1,0,0,0,0
24,0,1,0,0,0,1
24,0,0,1,0,0,1
55,0,0,0,1,0,0
26,0,1,0,0,0,1
52,0,0,0,0,1,0
27,0,0,1,0,0,0
27,0,1,0,0,0,0
56,0,1,0,0,0,0
52,0,0,0,0,1,1
37,0,0,0,1,0,1
45,0,1,0,0,0,0
23,0,0,1,0,0,0
36,0,0,0,1,0,1
29,0,1,0,0,0,0
21,0,1,0,0,0,0
20,3,0,0,1,0,1
69,0,0,0,1,0,0
27,1,0,0,0,1,0
28,2,0,0,0,1,1
38,0,0,0,0,1,0
30,0,1,0,0,0,0
19,0,0,1,0,0,1
37,0,0,1,0,0,0
34,0,1,0,0,0,1
37,0,0,0,0,1,1
21,1,0,1,0,0,0
21,0,1,0,0,0,1
38,0,0,0,1,0,0
47,0,0,1,0,0,0
56,0,0,0,1,0,0
27,0,0,0,1,0,1
23,0,1,0,0,0,0
57,0,1,0,0,0,0
25,1,0,0,0,1,0
23,0,0,0,1,0,1
32,0,0,0,0,1,1
36,0,0,0,1,0,0
41,0,0,0,0,1,0
31,0,0,0,1,0,0
39,0,1,0,0,0,0
21,0,0,1,0,0,1
43,0,0,0,0,1,1
31,0,0,0,1,0,0
37,0,1,0,0,0,0
27,0,1,0,0,0,0
22,0,0,0,1,0,1
59,0,0,0,1,0,0
33,0,1,0,0,0,1
39,0,0,0,0,1,0
43,0,0,0,1,0,0
25,0,0,0,0,1,1
36,5,0,0,0,1,1
23,0,0,0,1,0,1
43,0,0,0,1,0,1
56,0,0,0,0,1,1
20,0,0,1,0,0,1
50,0,0,0,1,0,1
24,0,0,0,1,0,1
54,0,0,1,0,0,0
20,0,0,1,0,0,1
36,0,0,0,1,0,1
36,0,0,0,1,0,1
56,0,1,0,0,0,0
25,0,0,0,0,1,1
25,1,0,0,1,0,0
42,0,0,1,0,0,1
34,2,0,0,0,1,1
48,0,0,0,0,1,0
34,1,0,0,0,1,1
28,0,1,0,0,0,0
32,0,0,1,0,0,0
31,0,0,0,1,0,0
24,0,0,0,0,1,1
25,0,1,0,0,0,1
32,1,0,0,0,1,0
37,0,0,0,0,1,1
24,0,0,1,0,0,1
48,0,1,0,0,0,0
25,3,0,0,0,1,1
35,0,0,1,0,0,0
21,0,0,1,0,0,1
21,0,1,0,0,0,1
27,0,1,0,0,0,1
22,0,1,0,0,0,0
28,0,0,0,0,1,0
26,0,1,0,0,0,0
23,0,1,0,0,0,1
34,0,1,0,0,0,0
22,0,0,0,1,0,0
30,0,0,0,0,1,1
44,0,0,0,0,1,0
57,0,0,1,0,0,0
22,1,1,0,0,0,1
34,0,1,0,0,0,0
24,0,0,0,0,1,1
20,0,1,0,0,0,0
35,0,0,0,1,0,0
53,0,0,1,0,0,1
60,0,0,0,0,1,0
22,0,0,0,1,0,0
43,0,1,0,0,0,0
72,0,0,0,0,1,0
33,0,0,0,1,0,1
24,0,0,1,0,0,1
60,0,1,0,0,0,0
24,0,0,0,1,0,1
43,0,0,0,1,0,0
30,0,0,1,0,0,0
43,0,1,0,0,0,0
48,0,0,1,0,0,0
54,0,1,0,0,0,0
45,0,0,1,0,0,0
36,0,1,0,0,0,0
31,0,0,1,0,0,0
40,0,1,0,0,0,0
50,0,0,1,0,0,0
26,0,0,1,0,0,0
41,0,0,0,0,1,0
34,1,0,0,0,1,1
28,0,1,0,0,0,0
30,0,0,1,0,0,0
23,2,0,0,1,0,1
37,0,1,0,0,0,1
35,0,0,0,0,1,0
21,1,0,1,0,0,1
45,0,0,1,0,0,0
22,1,0,0,1,0,1
29,0,0,0,0,1,1
30,0,1,0,0,0,0
45,0,0,0,1,0,1
24,0,0,0,1,0,0
31,0,0,0,0,1,1
56,0,1,0,0,0,0
44,0,0,0,0,1,1
24,4,0,0,0,1,1
38,0,0,0,0,1,0
51,0,0,0,0,1,1
22,0,1,0,0,0,0
28,0,0,0,0,1,0
47,1,0,0,0,1,1
51,0,1,0,0,0,1
25,0,0,1,0,0,0
53,0,0,1,0,0,0
30,0,1,0,0,0,0
33,0,1,0,0,0,1
35,0,0,0,0,1,1
33,0,1,0,0,0,0
65,0,0,0,0,1,0
59,0,0,1,0,0,0
37,0,0,0,0,1,0
33,0,0,1,0,0,0
27,0,0,0,1,0,1
29,0,0,0,0,1,1
26,0,0,0,0,1,1
24,3,0,0,1,0,1
43,0,0,0,0,1,0
37,0,0,0,0,1,1
53,0,0,0,0,1,0
43,0,0,0,0,1,0
26,0,0,0,0,1,1
30,0,0,1,0,0,0
27,0,0,0,0,1,1
39,0,0,0,0,1,1
37,0,0,0,0,1,1
22,0,0,0,1,0,1
25,0,1,0,0,0,0
26,0,0,1,0,0,0
28,0,1,0,0,0,0
25,0,1,0,0,0,1
58,0,0,1,0,0,0
29,0,0,1,0,0,1
33,0,0,0,0,1,0
38,0,1,0,0,0,0
38,0,0,0,1,0,0
59,0,0,0,0,1,1
29,0,0,0,0,1,1
57,0,0,0,0,1,0
53,0,1,0,0,0,1
33,0,0,0,1,0,1
58,0,0,1,0,0,0
51,0,0,1,0,0,0
25,2,0,0,0,1,1
53,0,0,0,1,0,0
32,0,1,0,0,0,1
35,0,0,0,0,1,1
39,0,0,1,0,0,0
36,0,0,1,0,0,0
42,0,0,0,0,1,1
37,0,1,0,0,0,0
39,0,1,0,0,0,0
52,0,0,0,1,0,0
60,0,0,1,0,0,0
37,0,0,0,1,0,0
42,0,0,0,0,1,1
44,0,1,0,0,0,1
23,0,0,0,0,1,1
42,0,1,0,0,0,1
28,0,0,0,1,0,0
28,0,0,0,0,1,0
38,0,0,0,0,1,0
43,0,0,0,1,0,1
42,0,1,0,0,0,0
25,0,1,0,0,0,0
32,0,0,0,0,1,1
21,0,1,0,0,0,1
35,0,0,1,0,0,0
37,0,1,0,0,0,0
33,0,0,0,1,0,0
51,0,0,0,0,1,0
39,0,0,0,1,0,0
35,0,0,0,0,1,1
40,0,0,0,1,0,0
32,0,0,0,0,1,1
18,5,0,0,0,1,1
32,0,0,0,1,0,1
37,0,1,0,0,0,0
32,0,0,0,0,1,1
47,0,0,0,0,1,1
23,0,1,0,0,0,0
63,0,0,0,0,1,1
38,1,0,0,0,1,1
32,0,0,0,0,1,1
31,0,0,0,0,1,1
23,0,1,0,0,0,0
38,0,0,1,0,0,0
47,0,1,0,0,0,0
33,0,0,1,0,0,1
22,0,0,1,0,0,0
26,0,0,1,0,0,0
40,0,1,0,0,0,1
36,10,0,0,0,1,1
65,0,1,0,0,0,0
44,0,0,0,0,1,1
22,0,1,0,0,0,0
34,0,1,0,0,0,0
38,0,1,0,0,0,0
26,0,0,0,0,1,1
20,0,1,0,0,0,1
49,0,1,0,0,0,0
56,0,0,0,0,1,0
52,0,0,0,1,0,1
25,0,0,0,1,0,1
34,0,0,0,0,1,0
33,0,0,1,0,0,1
21,3,0,1,0,0,0
46,0,0,0,0,1,0
22,0,0,0,1,0,1
57,0,0,1,0,0,0
22,1,0,0,1,0,1
48,0,0,1,0,0,1
40,0,0,0,0,1,0
30,0,0,1,0,0,0
21,1,0,0,0,1,1
39,2,0,0,0,1,1
27,0,0,0,0,1,1
33,0,1,0,0,0,1
24,0,1,0,0,0,0
43,0,1,0,0,0,1
45,0,1,0,0,0,0
51,0,0,0,1,0,0
35,0,0,0,1,0,1
31,0,0,0,0,1,1
27,0,1,0,0,0,0
32,0,0,1,0,0,0
49,0,1,0,0,0,0
29,0,0,0,1,0,0
23,1,0,0,1,0,1
30,0,0,0,0,1,0
55,0,0,0,0,1,1
30,0,1,0,0,0,0
34,0,0,0,0,1,1
56,0,0,0,1,0,0
33,0,0,0,0,1,0
28,0,0,1,0,0,0
29,0,0,1,0,0,0
38,0,1,0,0,0,0
37,0,1,0,0,0,0
33,0,1,0,0,0,1
30,0,1,0,0,0,0
51,2,0,0,0,1,0
65,0,0,0,0,1,0
32,0,0,1,0,0,0
38,0,0,0,0,1,1
35,0,0,1,0,0,0
57,0,0,1,0,0,0
26,0,0,1,0,0,0
23,4,0,0,0,1,1
36,2,0,0,0,1,1
33,0,0,0,1,0,1
35,0,0,0,1,0,1
33,0,1,0,0,0,0
47,0,1,0,0,0,0
53,0,1,0,0,0,0
31,0,0,0,0,1,0
35,0,0,1,0,0,1
36,0,0,1,0,0,1
25,0,1,0,0,0,0
52,0,0,0,0,1,0
23,0,0,0,1,0,1
34,0,0,0,0,1,0
51,0,0,0,0,1,1
24,4,0,0,0,1,1
32,0,1,0,0,0,1
43,0,0,0,0,1,1
45,2,0,0,0,1,0
42,0,0,0,0,1,1
22,0,0,1,0,0,1
49,0,0,0,0,1,0
42,0,1,0,0,0,1
40,0,1,0,0,0,1
25,1,0,0,1,0,1
25,0,1,0,0,0,1
23,0,1,0,0,0,0
21,0,0,0,1,0,1
31,0,0,0,1,0,0
28,0,1,0,0,0,0
24,0,0,0,0,1,1
45,0,1,0,0,0,0
23,0,0,0,1,0,1
39,0,0,0,0,1,1
25,0,0,0,1,0,0
24,1,0,1,0,0,0
46,0,0,1,0,0,0
47,0,0,0,1,0,0
54,0,0,0,1,0,1
22,1,0,1,0,0,1
34,0,1,0,0,0,0
33,0,1,0,0,0,1
27,0,0,1,0,0,0
29,1,0,0,0,1,1
34,0,0,0,1,0,0
32,0,0,1,0,0,0
29,0,1,0,0,0,0
25,0,0,0,1,0,1
34,0,0,0,0,1,1
55,0,0,1,0,0,0
27,0,1,0,0,0,1
26,0,1,0,0,0,0
39,5,0,0,0,1,1
24,0,0,1,0,0,0
29,0,1,0,0,0,0
31,0,0,0,1,0,1
50,0,0,0,0,1,1
25,0,0,0,1,0,1
31,0,0,0,0,1,1
31,0,1,0,0,0,0
26,1,0,0,1,0,0
54,0,0,0,1,0,0
33,0,0,0,0,1,1
22,0,1,0,0,0,1
35,1,0,0,0,1,0
30,0,0,0,0,1,1
25,0,1,0,0,0,0
25,0,1,0,0,0,0
44,0,1,0,0,0,1
29,0,0,0,1,0,1
46,0,0,0,1,0,1
53,0,1,0,0,0,0
24,0,0,0,1,0,1
52,0,0,0,1,0,1
27,0,1,0,0,0,1
41,0,1,0,0,0,0
21,0,1,0,0,0,1
24,0,0,1,0,0,0
38,0,0,0,0,1,0
23,0,1,0,0,0,0
42,0,1,0,0,0,0
32,0,0,0,0,1,0
24,0,0,0,1,0,1
24,5,0,0,0,1,1
26,0,0,0,0,1,1
50,0,0,0,0,1,1
32,0,0,0,1,0,0
40,0,0,0,0,1,0
25,0,0,1,0,0,1
42,0,0,1,0,0,0
27,0,0,0,1,0,0
23,0,1,0,0,0,1
37,0,0,0,0,1,1
32,0,0,1,0,0,1
38,0,0,0,1,0,1
52,0,0,0,0,1,1
29,0,0,0,1,0,0
28,0,0,0,0,1,1
49,0,1,0,0,0,0
50,0,1,0,0,0,0
26,0,0,0,1,0,1
34,0,1,0,0,0,1
28,0,0,1,0,0,0
36,0,0,0,0,1,1
45,0,0,1,0,0,1
30,0,1,0,0,0,1
24,0,0,0,1,0,1
25,0,1,0,0,0,1
25,0,0,0,0,1,1
45,0,0,0,1,0,0
26,0,0,1,0,0,1
37,0,0,0,1,0,0
24,0,1,0,0,0,0
40,0,0,0,1,0,0
60,0,0,1,0,0,0
33,0,1,0,0,0,0
31,1,0,0,0,1,0
53,0,0,0,0,1,0
55,0,1,0,0,0,0
36,0,0,0,0,1,0
30,0,0,0,0,1,1
21,0,0,1,0,0,1
55,0,1,0,0,0,0
22,0,0,1,0,0,1
23,0,0,1,0,0,0
24,1,0,0,0,1,1
40,0,0,0,0,1,1
57,0,0,0,0,1,1
33,0,1,0,0,0,1
32,0,0,0,1,0,0
47,0,0,0,1,0,0
51,0,0,0,0,1,1
22,1,0,1,0,0,0
47,0,0,0,1,0,0
28,0,0,1,0,0,1
21,1,0,1,0,0,1
28,0,0,0,0,1,0
44,0,0,1,0,0,1
25,0,1,0,0,0,1
34,0,0,0,0,1,0
65,0,1,0,0,0,0
33,0,0,0,0,1,1
23,0,1,0,0,0,0
44,0,1,0,0,0,0
21,1,0,1,0,0,1
24,0,0,1,0,0,0
51,0,0,1,0,0,0
21,0,1,0,0,0,1
39,0,0,0,0,1,0
29,0,0,0,0,1,1
24,0,0,1,0,0,0
23,0,1,0,0,0,1
31,2,0,0,0,1,1
35,0,1,0,0,0,0
30,0,1,0,0,0,0
34,0,0,0,0,1,0
39,0,0,0,0,1,0
29,0,0,0,0,1,0
51,0,1,0,0,0,0
22,1,0,1,0,0,0
29,0,0,0,1,0,0
35,0,0,0,0,1,1
32,0,0,0,0,1,1
33,0,0,0,1,0,1
58,0,0,0,0,1,1
54,0,1,0,0,0,0
30,0,0,0,1,0,0
33,0,0,0,1,0,1
24,0,1,0,0,0,1
48,0,0,0,0,1,0
23,0,1,0,0,0,0
23,0,0,0,1,0,1
47,0,0,1,0,0,0
21,0,1,0,0,0,0
29,0,1,0,0,0,1
48,0,0,0,1,0,0
37,0,0,0,0,1,1
50,0,0,0,1,0,0
19,0,0,0,1,0,1
39,0,0,0,1,0,0
49,2,0,0,0,1,0
58,0,0,0,1,0,0
31,0,0,0,0,1,0
23,2,0,1,0,0,0
23,0,1,0,0,0,1
31,0,0,0,0,1,1
33,0,1,0,0,0,1
57,0,0,0,0,1,0
31,0,1,0,0,0,0
57,0,0,0,0,1,0
57,0,0,0,0,1,0
29,0,0,0,0,1,1
30,0,1,0,0,0,1
45,0,0,0,0,1,0
42,0,1,0,0,0,0
48,0,0,0,0,1,0
29,2,0,0,0,1,1
23,0,1,0,0,0,0
28,0,1,0,0,0,0
41,0,0,0,1,0,0
25,0,0,1,0,0,1
34,0,0,0,1,0,0
53,0,0,0,0,1,1
28,0,0,1,0,0,1
27,0,1,0,0,0,0
39,0,0,0,0,1,0
55,0,0,0,0,1,0
27,0,0,0,0,1,1
30,1,0,0,0,1,1
31,4,0,0,0,1,1
20,1,0,1,0,0,1
26,0,0,0,1,0,1
44,0,0,0,0,1,1
33,0,0,0,0,1,1
34,0,1,0,0,0,1
27,0,1,0,0,0,0
21,1,0,1,0,0,1
29,0,0,0,0,1,0
27,0,0,0,0,1,0
24,0,1,0,0,0,0
29,0,1,0,0,0,1
20,0,1,0,0,0,0
23,0,1,0,0,0,0
48,0,1,0,0,0,0
34,0,1,0,0,0,1
46,0,0,1,0,0,1
41,0,0,0,1,0,0
26,0,0,0,1,0,1
37,0,0,0,0,1,1
54,0,0,0,0,1,0
25,0,0,0,0,1,0
22,0,0,0,1,0,0
32,0,0,0,0,1,0
44,0,1,0,0,0,0
28,0,0,1,0,0,0
60,0,0,0,1,0,0
49,0,1,0,0,0,0
32,0,0,0,0,1,0
30,0,0,0,0,1,1
52,0,1,0,0,0,0
27,0,0,1,0,0,0
34,0,1,0,0,0,0
55,0,0,0,0,1,1
37,0,0,0,0,1,0
33,0,1,0,0,0,0
22,0,1,0,0,0,1
27,0,1,0,0,0,0
20,2,1,0,0,0,1
33,0,1,0,0,0,0
26,0,1,0,0,0,0
29,0,1,0,0,0,0
32,0,0,1,0,0,0
37,0,0,0,0,1,0
31,0,0,0,0,1,0
29,0,0,0,0,1,1
31,0,0,0,0,1,0
36,0,0,0,1,0,0
35,0,0,0,0,1,0
37,0,0,1,0,0,0
34,0,0,0,0,1,1
20,0,0,1,0,0,1
50,0,0,0,0,1,1
24,2,0,0,0,1,1
29,1,0,0,0,1,1
45,0,0,1,0,0,0
34,0,0,0,1,0,1
70,0,1,0,0,0,0
26,0,0,0,1,0,0
23,1,0,0,0,1,0
27,0,0,0,0,1,0
44,0,0,0,0,1,1
23,0,0,0,1,0,1
26,0,1,0,0,0,0
23,0,0,0,1,0,0
27,0,0,0,1,0,1
46,0,0,1,0,0,0
27,1,0,1,0,0,0
45,0,0,0,0,1,0
42,0,0,1,0,0,0
24,1,0,0,1,0,1
20,3,0,0,1,0,1
49,0,0,0,1,0,0
29,0,0,0,0,1,1
29,0,1,0,0,0,0
52,0,0,1,0,0,0
37,0,0,0,0,1,1
26,0,0,1,0,0,0
53,0,0,0,0,1,1
47,0,0,1,0,0,0
38,0,1,0,0,0,1
25,0,0,1,0,0,0
21,1,0,1,0,0,1
48,0,1,0,0,0,0
40,0,0,1,0,0,0
24,0,1,0,0,0,0
22,0,1,0,0,0,1
36,0,0,0,0,1,0
38,0,0,0,1,0,0
23,0,1,0,0,0,1
54,0,0,0,1,0,0
24,0,0,1,0,0,0
44,0,1,0,0,0,1
23,0,0,0,1,0,1
64,0,1,0,0,0,0
38,0,0,0,0,1,1
45,0,1,0,0,0,0
49,0,0,1,0,0,0
45,0,0,0,1,0,0
33,0,1,0,0,0,0
44,0,0,0,1,0,0
51,0,0,0,1,0,0
50,0,1,0,0,0,0
33,2,0,0,1,0,0
54,0,1,0,0,0,0
28,0,0,0,1,0,1
33,1,0,0,0,1,0
42,0,0,0,0,1,1
34,0,0,0,1,0,0
38,0,0,0,1,0,1
21,0,0,1,0,0,1
33,0,0,0,0,1,0
32,1,0,0,0,1,1
45,0,0,1,0,0,0
30,0,0,1,0,0,1
29,0,1,0,0,0,0
44,0,0,0,1,0,0
51,0,1,0,0,0,1
28,0,1,0,0,0,0
27,0,0,1,0,0,0
28,0,0,0,0,1,1
30,0,1,0,0,0,0
32,0,1,0,0,0,0
27,0,0,0,0,1,0
21,0,0,1,0,0,1
21,0,1,0,0,0,0
34,0,1,0,0,0,1
24,0,0,0,0,1,1
32,0,1,0,0,0,0
38,0,0,0,0,1,1
56,0,0,0,1,0,0
44,0,1,0,0,0,0
31,0,0,1,0,0,1
25,0,0,0,0,1,0
20,0,1,0,0,0,0
35,0,0,1,0,0,0
33,0,0,1,0,0,1
24,0,1,0,0,0,0
40,0,0,0,1,0,0
27,0,0,0,0,1,1
21,0,0,0,1,0,0
38,0,0,0,0,1,1
20,1,1,0,0,0,1
30,0,0,0,0,1,1
36,0,0,0,0,1,1
23,0,0,0,1,0,1
39,0,0,0,0,1,1
32,0,0,0,1,0,0
29,0,0,0,1,0,1
58,0,0,0,1,0,1
23,1,0,0,1,0,0
23,0,0,0,1,0,1
68,0,0,0,0,1,0
26,0,0,0,1,0,0
51,0,1,0,0,0,1
25,0,1,0,0,0,0
40,0,0,0,0,1,1
51,0,0,0,0,1,0
27,0,0,0,1,0,1
49,0,0,0,0,1,1
36,0,1,0,0,0,0
28,0,0,0,0,1,0
20,0,1,0,0,0,0
21,0,0,0,1,0,1
31,0,1,0,0,0,0
57,0,1,0,0,0,0
61,0,0,0,0,1,1
35,0,0,0,1,0,1
54,0,0,0,1,0,1
39,0,1,0,0,0,0
24,1,0,1,0,0,0
29,0,1,0,0,0,1
48,1,0,0,0,1,1
30,1,0,0,0,1,1
26,1,0,0,0,1,1
36,0,0,0,1,0,0
37,0,0,0,0,1,1
26,0,0,0,0,1,1
29,0,0,0,0,1,1
26,0,0,1,0,0,1
60,0,0,0,1,0,0
27,0,0,0,1,0,1
41,2,0,0,0,1,1
22,1,0,1,0,0,0
28,0,0,0,1,0,0
33,0,0,0,0,1,1
28,0,0,0,1,0,0
55,0,1,0,0,0,1
21,1,0,0,0,1,1
28,0,0,0,1,0,1
22,0,1,0,0,0,0
29,0,0,0,0,1,1
45,0,0,0,0,1,0
24,0,0,0,1,0,1
50,0,0,0,0,1,1
24,0,0,1,0,0,1
47,0,0,1,0,0,0
57,0,0,1,0,0,0
54,0,0,0,0,1,0
42,0,1,0,0,0,0
35,0,0,0,0,1,0
30,0,1,0,0,0,1
53,0,0,1,0,0,0
31,0,0,0,1,0,0
83,0,0,0,0,1,0
46,0,0,0,0,1,0
31,0,1,0,0,0,1
23,0,0,0,0,1,0
47,0,0,0,0,1,0
31,0,0,0,0,1,0
50,0,1,0,0,0,0
24,1,0,0,0,1,1
22,1,0,0,1,0,0
45,0,0,1,0,0,0
30,0,0,0,1,0,0
30,0,0,0,0,1,1
36,0,0,0,0,1,0
43,0,0,0,0,1,1
50,0,1,0,0,0,0
24,0,0,0,1,0,1
42,0,0,0,1,0,0
29,0,0,1,0,0,1
28,0,0,0,1,0,0
31,0,1,0,0,0,0
25,0,0,0,0,1,1
36,0,0,0,0,1,0
24,0,0,1,0,0,1
28,0,0,0,0,1,0
31,0,1,0,0,0,1
23,0,1,0,0,0,0
29,0,0,0,0,1,1
51,0,0,0,0,1,1
34,0,0,1,0,0,0
29,0,0,0,0,1,1
39,1,0,0,0,1,1
36,0,1,0,0,0,0
59,0,0,0,0,1,1
23,2,0,0,1,0,1
31,0,0,0,0,1,0
53,0,1,0,0,0,0
34,0,0,0,0,1,0
63,0,0,1,0,0,0
21,0,1,0,0,0,1
21,0,1,0,0,0,1
47,0,0,0,0,1,1
34,0,0,0,0,1,1
43,0,0,1,0,0,0
58,0,0,0,0,1,1
40,0,0,0,0,1,1
36,3,0,0,0,1,1
23,0,1,0,0,0,0
34,0,0,0,0,1,1
56,0,0,0,0,1,0
52,0,1,0,0,0,0
56,0,1,0,0,0,0
37,0,1,0,0,0,0
50,0,1,0,0,0,0
25,0,0,1,0,0,1
22,0,1,0,0,0,1
43,0,1,0,0,0,1
30,0,0,1,0,0,0
29,0,1,0,0,0,0
24,0,1,0,0,0,0
29,0,0,0,0,1,1
27,0,0,0,1,0,0
24,0,1,0,0,0,0
74,0,1,0,0,0,0
27,1,0,0,0,1,1
37,0,0,1,0,0,1
39,2,0,0,0,1,1
29,0,0,0,0,1,0
25,0,1,0,0,0,1
35,0,0,0,0,1,0
29,0,0,1,0,0,1
36,0,0,1,0,0,0
61,0,0,0,0,1,1
26,0,0,0,1,0,0
28,0,0,1,0,0,0
26,0,0,1,0,0,0
39,1,0,0,0,1,1
22,1,0,0,1,0,1
28,0,1,0,0,0,0
51,0,0,1,0,0,1
35,0,1,0,0,0,0
23,0,1,0,0,0,0
29,3,0,0,0,1,1
20,0,1,0,0,0,1
24,2,0,1,0,0,1
23,1,0,0,1,0,0
33,0,0,0,0,1,0
21,1,0,1,0,0,1
59,0,0,0,1,0,0
26,0,0,0,0,1,1
36,0,1,0,0,0,0
38,0,0,0,1,0,0
19,6,0,0,0,1,1
28,0,0,0,1,0,0
23,0,0,0,1,0,1
21,2,0,1,0,0,1
52,0,1,0,0,0,1
56,0,0,0,0,1,1
40,0,0,1,0,0,0
48,0,0,0,0,1,1
24,3,0,0,1,0,0
26,0,1,0,0,0,0
59,0,0,0,0,1,0
66,0,0,1,0,0,1
54,0,0,0,0,1,0
31,0,0,0,0,1,1
34,0,1,0,0,0,0
25,0,0,0,0,1,1
47,0,0,0,1,0,0
51,1,0,0,0,1,1
25,0,0,1,0,0,0
25,0,1,0,0,0,1
31,0,0,0,1,0,1
44,0,0,0,1,0,1
36,0,0,1,0,0,0
77,0,0,0,1,0,0
49,0,1,0,0,0,0
31,0,1,0,0,0,0
30,1,0,1,0,0,0
29,1,0,0,1,0,1
53,0,0,0,0,1,1
21,1,0,1,0,0,1
21,0,1,0,0,0,0
27,0,0,1,0,0,1
65,0,1,0,0,0,0
59,0,1,0,0,0,0
59,0,1,0,0,0,0
24,0,1,0,0,0,0
40,0,1,0,0,0,0
51,0,1,0,0,0,1
34,1,0,0,0,1,1
30,0,0,1,0,0,1
52,0,0,1,0,0,0
29,0,0,1,0,0,1
24,0,0,0,0,1,1
38,0,0,0,1,0,1
22,0,1,0,0,0,0
43,0,1,0,0,0,0
32,0,0,0,0,1,1
55,0,1,0,0,0,0
26,0,0,0,1,0,0
23,1,0,1,0,0,0
47,0,1,0,0,0,0
28,0,0,1,0,0,1
27,0,1,0,0,0,1
61,0,0,0,1,0,1
26,0,1,0,0,0,0
41,0,0,1,0,0,0
28,0,0,1,0,0,1
43,0,1,0,0,0,1
30,0,0,0,1,0,0
33,0,0,0,0,1,1
21,1,1,0,0,0,0
32,1,1,0,0,0,0
22,0,0,1,0,0,1
51,0,0,0,1,0,0
20,1,0,0,1,0,1
35,0,0,0,1,0,0
37,0,0,0,1,0,0
28,0,1,0,0,0,1
41,0,0,0,1,0,1
24,0,1,0,0,0,1
33,0,0,0,1,0,0
25,0,0,0,0,1,1
30,0,0,0,0,1,0
20,0,0,1,0,0,1
42,0,0,1,0,0,0
40,0,0,0,0,1,1
39,0,1,0,0,0,1
21,0,1,0,0,0,0
39,0,0,0,1,0,1
24,0,1,0,0,0,0
41,0,1,0,0,0,0
39,0,0,1,0,0,0
24,0,0,0,1,0,0
24,0,0,1,0,0,0
29,0,1,0,0,0,1
39,0,0,0,0,1,0
25,0,0,0,1,0,1
23,0,1,0,0,0,1
22,1,0,1,0,0,1
26,0,0,0,0,1,1
26,3,0,0,1,0,1
24,0,0,0,1,0,1
44,0,1,0,0,0,0
36,0,0,1,0,0,1
39,0,0,0,0,1,1
42,0,1,0,0,0,0
45,0,0,1,0,0,0
25,1,0,0,0,1,1
28,0,0,0,0,1,0
33,0,1,0,0,0,0
25,0,1,0,0,0,0
32,1,0,0,0,1,0
23,0,1,0,0,0,0
39,0,1,0,0,0,0
27,0,0,0,0,1,1
35,0,0,0,0,1,0
23,0,0,1,0,0,0
38,0,1,0,0,0,0
30,0,0,0,0,1,0
30,0,0,1,0,0,0
30,0,1,0,0,0,0
26,2,0,0,0,1,1
31,0,0,0,1,0,0
41,0,0,1,0,0,0
34,0,1,0,0,0,0
25,0,1,0,0,0,0
26,0,0,1,0,0,0
38,0,0,0,1,0,1
37,0,1,0,0,0,0
34,1,0,0,1,0,0
44,0,0,0,0,1,1
38,0,1,0,0,0,0
31,0,1,0,0,0,0
29,0,1,0,0,0,0
20,1,0,1,0,0,1
22,0,1,0,0,0,0
51,0,1,0,0,0,0
24,0,0,0,1,0,1
47,0,1,0,0,0,1
36,0,0,1,0,0,1
21,0,0,1,0,0,0
25,1,0,0,1,0,1
23,1,0,0,0,1,1
23,0,1,0,0,0,0
24,0,1,0,0,0,0
35,0,0,0,1,0,1
23,0,1,0,0,0,0
19,0,1,0,0,0,1
32,0,1,0,0,0,1
39,0,1,0,0,0,1
30,4,0,0,0,1,1
33,0,0,0,1,0,0
20,0,1,0,0,0,1
36,0,1,0,0,0,0
61,0,0,1,0,0,0
29,2,0,0,0,1,1
40,0,1,0,0,0,0
53,0,0,0,0,1,0
28,0,1,0,0,0,0
38,0,0,0,1,0,0
27,1,0,0,0,1,1
55,0,1,0,0,0,0
22,1,0,1,0,0,0
34,0,0,1,0,0,0
55,0,0,1,0,0,0
24,0,0,0,1,0,0
47,2,0,0,0,1,1
41,0,1,0,0,0,0
41,0,1,0,0,0,0
61,0,0,0,0,1,0
57,0,0,0,1,0,0
38,0,0,0,1,0,0
25,5,0,0,0,1,1
23,0,1,0,0,0,1
23,0,0,0,1,0,0
20,0,1,0,0,0,0
44,0,0,1,0,0,0
38,0,0,1,0,0,0
56,0,0,0,0,1,1
43,0,0,0,1,0,1
22,0,1,0,0,0,1
31,0,0,0,0,1,1
32,0,1,0,0,0,0
29,0,1,0,0,0,0
22,0,0,1,0,0,1
23,0,0,0,1,0,1
24,1,0,1,0,0,0
45,0,1,0,0,0,0
21,1,0,0,1,0,0
29,0,1,0,0,0,0
51,0,1,0,0,0,1
36,1,0,0,1,0,1
25,0,0,1,0,0,0
46,0,0,0,0,1,0
62,0,0,0,0,1,1
25,0,1,0,0,0,1
27,0,0,0,1,0,0
49,0,1,0,0,0,0
22,0,0,0,1,0,1
34,0,0,0,0,1,1
37,0,0,1,0,0,0
21,0,1,0,0,0,1
51,0,0,0,1,0,1
39,0,0,0,1,0,1
43,0,0,0,0,1,1
22,0,1,0,0,0,1
28,0,0,0,0,1,0
43,0,1,0,0,0,1
27,0,0,0,0,1,1
27,0,1,0,0,0,1
31,0,0,1,0,0,1
28,0,1,0,0,0,0
58,0,0,0,1,0,0
22,0,1,0,0,0,1
21,0,1,0,0,0,1
31,0,0,0,0,1,0
33,0,1,0,0,0,0
26,0,0,0,0,1,1
23,1,0,1,0,0,0
32,0,0,0,0,1,0
57,0,0,0,1,0,0
22,0,1,0,0,0,0
35,0,0,0,1,0,0
47,0,0,1,0,0,1
35,0,0,0,1,0,0
29,1,0,0,0,1,1
54,0,0,1,0,0,0
29,0,1,0,0,0,0
28,0,1,0,0,0,1
51,0,0,0,0,1,1
36,0,1,0,0,0,0
35,0,0,0,1,0,1
20,1,0,1,0,0,1
25,0,1,0,0,0,0
29,0,0,0,1,0,0
31,0,1,0,0,0,1
62,0,0,0,0,1,0
39,0,1,0,0,0,0
30,0,0,1,0,0,1
23,0,1,0,0,0,0
23,0,0,1,0,0,0
37,0,1,0,0,0,0
30,0,0,0,0,1,1
33,3,0,0,0,1,1
20,0,1,0,0,0,1
61,0,0,1,0,0,0
30,1,0,0,0,1,1
23,0,0,1,0,0,0
27,0,1,0,0,0,1
38,1,0,0,0,1,0
42,0,0,1,0,0,0
31,0,1,0,0,0,0
23,0,0,0,1,0,1
31,0,0,1,0,0,1
43,0,0,1,0,0,1
39,0,1,0,0,0,0
31,0,1,0,0,0,0
22,0,0,0,1,0,1
33,0,1,0,0,0,0
21,1,0,1,0,0,1
23,0,0,1,0,0,1
29,0,1,0,0,0,0
62,0,0,0,1,0,0
56,0,0,1,0,0,1
24,0,0,0,0,1,1
44,0,1,0,0,0,0
22,1,0,0,1,0,1
28,0,0,0,0,1,1
30,0,1,0,0,0,0
32,0,0,1,0,0,1
51,0,0,0,1,0,0
21,0,1,0,0,0,0
21,0,0,0,1,0,1
27,0,0,0,1,0,1
28,0,1,0,0,0,0
31,0,1,0,0,0,0
33,0,1,0,0,0,1
49,0,0,0,1,0,0
41,0,0,0,1,0,0
20,5,1,0,0,0,0
31,1,0,0,0,1,1
25,0,0,0,0,1,1
23,1,0,0,0,1,1
26,0,1,0,0,0,0
45,0,0,0,0,1,1
28,0,0,1,0,0,0
28,0,0,0,0,1,1
39,0,1,0,0,0,1
59,0,0,1,0,0,1
52,0,0,0,0,1,0
36,0,0,1,0,0,0
54,0,0,0,0,1,0
32,0,1,0,0,0,1
54,0,0,0,1,0,0
30,0,0,0,1,0,1
21,0,1,0,0,0,1
25,0,0,0,1,0,1
26,1,0,1,0,0,1
22,0,1,0,0,0,0
61,0,0,0,0,1,1
24,2,0,0,1,0,0
32,0,0,0,1,0,0
26,0,0,0,1,0,1
34,0,0,0,0,1,0
45,1,0,0,0,1,1
22,0,0,1,0,0,1
54,0,0,0,0,1,1
51,0,0,0,0,1,0
28,0,1,0,0,0,0
23,0,1,0,0,0,0
30,0,1,0,0,0,1
25,0,1,0,0,0,1
25,0,0,0,1,0,0
28,0,0,0,1,0,0
32,0,1,0,0,0,1
35,0,0,0,0,1,0
49,0,1,0,0,0,1
36,0,0,0,0,1,1
33,0,0,0,0,1,1
30,0,0,1,0,0,0
58,0,0,1,0,0,0
22,0,0,0,1,0,0
28,0,0,0,1,0,1
28,0,1,0,0,0,1
26,1,0,0,0,1,1
36,0,0,0,1,0,1
23,0,1,0,0,0,0
22,0,1,0,0,0,1
25,1,0,0,0,1,1
26,0,1,0,0,0,0
25,0,0,1,0,0,0
26,0,0,0,0,1,1
40,0,0,0,1,0,0
28,0,1,0,0,0,1
40,0,0,1,0,0,0
56,0,0,1,0,0,0
51,0,0,0,1,0,0
36,0,1,0,0,0,0
51,0,1,0,0,0,0
25,0,0,0,1,0,0
22,1,0,1,0,0,0
35,2,0,0,0,1,0
24,0,1,0,0,0,1
66,0,0,0,0,1,1
27,0,0,0,0,1,1
22,1,0,0,1,0,1
43,0,0,0,1,0,0
22,0,0,0,1,0,0
31,0,0,0,0,1,1
23,0,0,0,0,1,1
27,0,1,0,0,0,1
31,0,0,0,0,1,1
61,0,0,0,0,1,1
25,1,0,0,1,0,0
52,0,1,0,0,0,0
35,0,1,0,0,0,0
24,0,1,0,0,0,0
50,1,0,0,0,1,1
57,0,1,0,0,0,0
38,0,0,0,1,0,0
22,0,0,1,0,0,0
26,0,0,1,0,0,0
25,5,0,0,0,1,0
20,0,0,0,1,0,1
34,0,0,0,1,0,0
25,0,0,0,0,1,1
24,0,1,0,0,0,0
24,0,0,0,0,1,0
49,0,0,0,0,1,1
27,0,0,0,0,1,1
28,0,0,0,0,1,1
33,0,0,0,0,1,1
55,0,1,0,0,0,0
25,1,0,1,0,0,0
47,0,0,0,1,0,1
55,0,0,0,0,1,1
22,0,1,0,0,0,1
32,0,0,0,0,1,0
55,0,1,0,0,0,0
23,0,0,0,1,0,0
54,0,0,0,1,0,1
40,0,1,0,0,0,0
27,0,1,0,0,0,1
36,0,0,0,0,1,1
29,0,0,0,0,1,0
45,0,1,0,0,0,0
25,0,0,0,1,0,0
40,0,0,0,0,1,1
38,0,0,0,0,1,1
57,0,0,0,1,0,0
26,0,0,0,1,0,1
37,0,1,0,0,0,0
42,0,1,0,0,0,1
41,0,0,1,0,0,0
33,0,1,0,0,0,0
57,0,0,1,0,0,0
34,0,0,0,1,0,0
29,0,0,1,0,0,1
45,0,0,0,0,1,0
22,0,0,1,0,0,0
22,0,1,0,0,0,1
42,1,0,0,0,1,1
21,0,1,0,0,0,0
56,0,0,1,0,0,0
48,0,0,0,0,1,0
27,0,0,1,0,0,0
27,0,0,0,1,0,1
34,0,0,1,0,0,0
23,1,0,0,0,1,1
47,0,0,0,1,0,1
33,1,0,0,0,1,1
58,0,0,1,0,0,0
33,0,0,1,0,0,0
40,0,0,0,1,0,0
22,0,1,0,0,0,0
39,0,0,0,1,0,0
30,0,0,0,1,0,0
23,0,0,0,1,0,0
35,1,0,1,0,0,0
22,0,1,0,0,0,0
43,0,0,0,0,1,1
37,0,0,0,0,1,0
38,5,0,0,0,1,0
26,0,0,0,1,0,1
60,0,1,0,0,0,0
39,0,0,1,0,0,0
36,1,0,0,0,1,1
25,0,0,1,0,0,0
21,0,1,0,0,0,1
28,0,0,1,0,0,1
70,0,1,0,0,0,0
25,0,0,0,1,0,1
53,0,0,0,0,1,0
37,0,1,0,0,0,0
21,0,0,1,0,0,1
28,0,0,1,0,0,0
21,0,0,1,0,0,0
32,0,0,0,1,0,0
56,0,1,0,0,0,0
30,0,0,0,1,0,0
27,0,1,0,0,0,1
37,0,0,0,0,1,1
27,0,0,1,0,0,0
41,1,0,0,0,1,1
30,0,0,0,0,1,1
32,4,0,0,0,1,1
26,0,0,0,0,1,0
31,0,1,0,0,0,0
32,0,0,0,1,0,0
34,0,0,0,0,1,1
46,0,0,0,1,0,0
24,0,0,1,0,0,1
32,1,0,0,0,1,1
43,0,0,0,0,1,1
50,0,0,0,1,0,0
30,3,0,0,0,1,1
37,0,0,0,1,0,0
31,3,0,0,0,1,1
37,0,0,1,0,0,0
21,0,0,1,0,0,0
75,0,0,1,0,0,0
40,0,0,0,1,0,0
53,0,1,0,0,0,0
31,0,0,0,0,1,1
33,0,0,0,0,1,0
23,1,0,0,1,0,1
22,0,1,0,0,0,0
27,0,0,0,1,0,1
25,0,0,0,0,1,1
24,0,0,0,1,0,0
24,0,0,0,1,0,1
26,0,0,1,0,0,0
56,0,0,0,0,1,0
26,0,0,0,1,0,1
26,1,0,0,0,1,1
20,0,1,0,0,0,1
27,0,0,0,0,1,1
24,0,0,1,0,0,1
26,0,0,0,0,1,1
26,0,0,0,0,1,0
54,0,1,0,0,0,1
65,0,0,0,1,0,0
33,0,0,0,0,1,1
64,0,0,0,0,1,0
24,0,1,0,0,0,0
35,0,0,0,0,1,0
57,0,1,0,0,0,0
46,0,1,0,0,0,0
56,0,0,0,0,1,0
39,0,1,0,0,0,0
68,0,0,0,0,1,0
22,0,0,0,0,1,1
28,0,0,1,0,0,1
39,0,0,0,0,1,1
38,0,1,0,0,0,0
25,0,0,0,1,0,0
25,1,0,0,1,0,0
21,0,0,0,1,0,1
31,0,0,0,1,0,0
33,0,0,0,1,0,1
26,0,0,0,0,1,1
31,0,0,0,1,0,0
35,0,0,0,0,1,0
34,7,0,0,0,1,0
41,0,0,0,0,1,1
57,0,1,0,0,0,0
42,0,0,1,0,0,0
26,3,0,0,0,1,1
24,0,0,1,0,0,0
36,0,0,0,1,0,1
41,2,0,0,0,1,1
27,0,1,0,0,0,0
58,0,1,0,0,0,1
45,0,0,0,1,0,1
34,0,0,0,0,1,0
50,0,1,0,0,0,0
25,1,0,0,0,1,1
24,0,0,0,1,0,1
39,0,0,0,1,0,0
27,0,0,0,1,0,0
25,0,0,0,1,0,0
30,1,0,0,1,0,1
22,2,0,0,1,0,1
27,0,1,0,0,0,0
20,0,1,0,0,0,1
41,0,0,0,0,1,1
30,0,1,0,0,0,0
24,0,0,0,1,0,0
39,0,1,0,0,0,0
32,0,0,0,0,1,1
32,0,0,0,1,0,1
29,0,1,0,0,0,1
37,0,1,0,0,0,1
26,1,0,0,0,1,1
24,0,0,0,1,0,1
30,0,0,0,1,0,0
20,3,0,0,0,1,1
25,1,0,1,0,0,1
31,0,1,0,0,0,1
25,0,1,0,0,0,1
41,0,1,0,0,0,1
25,0,1,0,0,0,0
25,0,0,0,1,0,1
22,0,0,1,0,0,1
25,0,1,0,0,0,0
38,0,1,0,0,0,0
40,0,1,0,0,0,0
49,0,0,0,0,1,0
35,0,0,0,1,0,0
21,1,1,0,0,0,1
25,0,1,0,0,0,0
21,0,0,1,0,0,0
24,0,0,0,1,0,0
45,0,0,1,0,0,0
24,1,0,0,0,1,1
28,0,0,0,1,0,0
34,0,0,1,0,0,0
34,0,0,0,0,1,1
57,0,0,0,0,1,0
40,0,0,0,0,1,1
22,0,0,0,1,0,1
37,0,0,0,1,0,1
43,0,1,0,0,0,0
26,0,0,0,0,1,1
24,0,0,0,1,0,1
23,0,0,1,0,0,0
56,0,0,1,0,0,1
23,1,0,0,1,0,1
43,0,0,0,0,1,0
32,0,1,0,0,0,0
21,0,1,0,0,0,1
51,0,0,0,1,0,0
20,0,1,0,0,0,1
39,0,0,1,0,0,0
42,0,0,0,0,1,1
58,0,0,1,0,0,0
28,1,0,1,0,0,0
30,0,0,0,1,0,0
28,3,0,0,0,1,1
29,0,0,0,0,1,1
24,0,0,0,0,1,1
22,0,0,1,0,0,1
27,0,0,0,1,0,1
50,0,0,1,0,0,0
30,0,0,0,0,1,0
28,0,1,0,0,0,1
21,0,0,0,1,0,1
26,1,0,0,1,0,0
51,0,1,0,0,0,0
21,0,0,1,0,0,0
29,0,1,0,0,0,1
43,0,1,0,0,0,0
22,0,0,1,0,0,0
52,0,1,0,0,0,1
36,0,1,0,0,0,0
24,0,1,0,0,0,0
26,1,0,0,0,1,0
27,0,0,0,0,1,0
19,0,1,0,0,0,1
26,0,0,0,1,0,0
24,0,0,1,0,0,0
29,0,1,0,0,0,0
29,0,0,0,0,1,1
38,0,0,1,0,0,1
34,1,0,0,0,1,0
23,0,0,0,1,0,0
26,0,1,0,0,0,1
29,0,0,1,0,0,0
24,0,0,1,0,0,0
31,0,0,1,0,0,1
50,0,1,0,0,0,0
24,0,1,0,0,0,0
31,0,1,0,0,0,0
36,0,0,0,0,1,1
32,0,0,0,0,1,1
63,0,0,1,0,0,0
42,0,0,1,0,0,1
22,0,1,0,0,0,0
26,0,0,0,0,1,1
26,0,0,0,0,1,1
30,0,0,0,1,0,1
53,0,0,0,1,0,1
23,3,0,0,1,0,1
22,0,1,0,0,0,0
27,0,1,0,0,0,0
21,0,1,0,0,0,0
42,0,0,0,1,0,1
31,0,0,0,0,1,1
80,0,1,0,0,0,0
58,0,0,1,0,0,0
68,0,0,0,0,1,0
23,0,0,1,0,0,0
36,0,0,0,0,1,1
24,0,1,0,0,0,0
41,0,0,0,1,0,0
21,1,1,0,0,0,1
26,0,0,0,1,0,1
30,0,0,0,0,1,1
39,0,1,0,0,0,1
36,0,0,1,0,0,0
21,0,1,0,0,0,1
31,0,0,1,0,0,0
20,0,1,0,0,0,1
49,0,0,0,0,1,0
24,0,1,0,0,0,0
20,0,1,0,0,0,1
44,0,0,1,0,0,0
25,0,0,1,0,0,0
41,0,0,0,0,1,1
25,0,0,1,0,0,0
44,0,1,0,0,0,0
33,0,1,0,0,0,0
20,0,1,0,0,0,1
21,0,0,1,0,0,1
44,0,0,0,1,0,0
23,1,0,1,0,0,1
35,0,1,0,0,0,1
41,0,1,0,0,0,0
30,0,0,1,0,0,0
23,0,1,0,0,0,0
36,0,0,0,0,1,1
26,0,0,1,0,0,1
32,0,1,0,0,0,0
26,0,0,0,1,0,0
23,0,1,0,0,0,1
43,1,0,0,0,1,0
30,0,0,0,1,0,1
44,0,0,1,0,0,1
37,0,0,1,0,0,1
39,0,0,1,0,0,0
37,0,0,0,1,0,1
49,0,0,1,0,0,0
31,0,0,0,0,1,1
63,0,0,0,0,1,0
66,0,0,0,0,1,1
19,2,0,0,1,0,1
24,2,0,0,1,0,0
21,4,0,0,1,0,0
48,0,1,0,0,0,0
37,0,1,0,0,0,0
21,0,1,0,0,0,1
31,0,0,1,0,0,1
20,0,1,0,0,0,0
64,0,1,0,0,0,0
22,0,1,0,0,0,0
43,0,0,0,0,1,0
25,0,0,0,1,0,1
33,0,0,0,0,1,0
26,0,0,1,0,0,0
33,0,0,1,0,0,0
25,0,0,0,1,0,0
30,0,0,0,1,0,0
20,3,0,0,1,0,0
44,0,1,0,0,0,0
31,0,1,0,0,0,0
50,0,0,0,0,1,1
33,4,0,0,0,1,1
50,0,0,1,0,0,0
31,0,0,1,0,0,1
25,0,1,0,0,0,0
43,0,0,0,1,0,0
51,0,0,0,1,0,1
27,0,1,0,0,0,1
34,0,0,0,1,0,0
44,0,1,0,0,0,0
31,0,0,0,0,1,1
30,1,0,0,0,1,1
26,0,0,0,1,0,1
20,4,0,0,0,1,1
41,0,0,1,0,0,1
55,0,1,0,0,0,0
29,3,0,0,0,1,0
31,0,1,0,0,0,0
31,1,0,0,0,1,1
52,0,1,0,0,0,0
59,0,1,0,0,0,0
49,0,0,1,0,0,1
36,0,0,0,0,1,1
23,0,0,1,0,0,0
46,0,0,0,0,1,1
59,0,0,0,1,0,1
51,0,0,1,0,0,0
34,0,1,0,0,0,0
32,0,1,0,0,0,0
54,0,0,1,0,0,0
24,1,0,0,1,0,1
35,1,0,0,0,1,1
32,0,1,0,0,0,1
22,0,1,0,0,0,1
36,0,1,0,0,0,0
61,0,1,0,0,0,0
38,0,1,0,0,0,0
41,0,0,0,0,1,0
34,0,0,0,1,0,1
32,0,1,0,0,0,0
37,0,0,1,0,0,1
46,0,0,0,0,1,0
21,0,0,0,0,1,0
57,0,1,0,0,0,1
68,0,0,0,1,0,0
24,0,1,0,0,0,0
